-- Export generado desde Neon (PostgreSQL)
-- Fecha: 2025-11-14T02:35:15.830Z
SET client_encoding = 'UTF8';

-- Tabla: admins
INSERT INTO "admins" ("id", "username", "password_hash", "created_at") VALUES (1, 'admin', 'admin123', '2025-11-11T20:06:28.099Z');

-- Tabla: modules
INSERT INTO "modules" ("id", "name", "description", "order_index") VALUES (1, 'Módulo 1: Transparencia y Acceso a la Información Ambiental', 'Evaluación de transparencia y acceso a información', 1);
INSERT INTO "modules" ("id", "name", "description", "order_index") VALUES (2, 'Módulo 2: Divulgación y publicación de información ambiental', 'Evaluación de divulgación y publicación de información ambiental', 2);
INSERT INTO "modules" ("id", "name", "description", "order_index") VALUES (3, 'Módulo 3: Participación ciudadana en la toma de decisiones ambientales', 'Evaluación de participación en decisiones', 3);
INSERT INTO "modules" ("id", "name", "description", "order_index") VALUES (4, 'Preguntas Generales', 'Preguntas abiertas de reflexión y buenas prácticas (no califican)', 4);

-- Tabla: questions
INSERT INTO "questions" ("id", "module_id", "question_text", "question_type", "order_index", "recommendations") VALUES (1, 1, '1. Actualizamos el menú transparencia y acceso a la información de manera mensual', 'statement', 1, '${"No":"¡ALERTA! La normatividad vigente relacionada con el acceso a la información pública e información ambiental (Ley 1712 de 2014, Resolución 1519 de 2020 y Acuerdo de Escazú) regulan derechos de acceso, por tanto son de obligatorio cumplimiento. Definan una ruta o plan de trabajo que permita avanzar en su cumplimiento de manera organizada.","No aplica":"¡ALERTA! La normatividad vigente relacionada con el acceso a la información pública e información ambiental (Ley 1712 de 2014, Resolución 1519 de 2020 y Acuerdo de Escazú) regulan derechos de acceso, por tanto son de obligatorio cumplimiento. Pidan un concepto al área juridica para asegurar que en realidad esto no aplica a su entidad.","Sí - Básico":"Creen un documento sencillo y claro (como una guía, procedimiento, instructivo o protocolo) que explique cómo se debe publicar y mantener actualizada la información ambiental de acuerdo con lo que establecen el artículo 9 de la Ley 1712 de 2014 y la Resolución 1519 de 2020.","Sí - Avanzado":"Verifiquen de forma periódica el cumplimiento de los requisitos establecidos en la Resolución 1519 de 2020 y continúen con el proceso de validación y actualización de la información ambiental publicada en la página web según su protocolo, guía, instructivo o procedimiento insitucional. Además de mantener la información al día, incorporen mejoras que faciliten su comprensión y acceso, como el uso de lenguaje claro, formatos accesibles, y la traducción de contenidos relevantes a dialectos o lenguas propias del territorio, entre otras buenas prácticas.","Sí - Intermedio":"Revisen y actualicen el esquema de publicación para asegurar que incluya la información ambiental actualizada y relevante. Además, definan un sistema práctico que permita revisar periódicamente la página web y activar alertas internas para identificar a tiempo cualquier dato desactualizado."}$');
INSERT INTO "questions" ("id", "module_id", "question_text", "question_type", "order_index", "recommendations") VALUES (2, 1, '2. Actualizamos el menú participa de manera mensual', 'statement', 2, '${"No":"¡ALERTA! La normatividad vigente exige actualizar de manera periódica y oportuna de los espacios, actividades y contenidos que promueven la participación ciudadana ambiental. Establezcan un cronograma de actualización mensual del menú \"Participa\", en cumplimiento del Decreto 1499 de 2017, la Resolución 1519 de 2020, los lineamientos de Gobierno Digital y el Acuerdo de Escazú. Aseguren que esta actualización impulse mecanismos efectivos de participación ciudadana.","No aplica":"¡ALERTA! La normatividad vigente relacionada con el acceso a la información para la participación ambiental (Decreto 1499 de 2017, la resolución 1519 de 2020, los lineamientos de Gobierno Digital y el Acuerdo de Escazú) obliga a tener lineamientos (protocolo, guía, instructivo, procedimiento, etc) en el que se establezca los pasos y responsabilidades para la actualización de la información ambiental del menú \"Participa\". Pidan un concepto al área juridica para asegurar que en realidad esto no aplica a su entidad.","Sí - Básico":"Revisen los requisitos establecidos en la Resolución 1519 de 2020 para el menú \"Participa\" y realicen los ajustes necesarios en la página web para asegurar su cumplimiento. Socialicen estos lineamientos con las áreas responsables responsables de promover la participación ciudadana y definan, de forma conjunta, criterios que garanticen la publicación oportuna y clara de la información ambiental relacionada.","Sí - Avanzado":"Continúen con la actualización periódica y oportuna de los espacios, actividades y contenidos que promueven la participación ciudadana ambiental, como convocatorias, espacios de diálogo, talleres e informes. Incorporen los resultados de estas actividades, la visibilización de compromisos asumidos, el seguimiento realizado, el uso de datos abiertos y la publicación de informes en lenguaje claro. Aseguren también mecanismos que permitan a la ciudadanía brindar retroalimentación sobre estos procesos.","Sí - Intermedio":"Establezcan un sistema claro y práctico para la actualización de la información ambiental en el menú \"Participa\", a través de un protocolo, procedimiento o instructivo que defina cómo y cuándo las áreas responsables de promover la participación en su entidad, deben remitir la información correspondiente para su publicación. Aseguren la socialización de este sistema con los equipos involucrados y desarrollen espacios de capacitación para fortalecer su implementación."}$');
INSERT INTO "questions" ("id", "module_id", "question_text", "question_type", "order_index", "recommendations") VALUES (3, 1, '3. Actualizamos la información correspondiente a planes y programas de proyectos ambientales de manera mensual', 'statement', 3, '${"No":"¡ALERTA! El acceso a la información pública ambiental es un derecho de obligatorio cumplimiento. Identifiquen planes, programas y proyectos ambientales en su territorio, organicen la información de cada uno y establezcan un sistema claro y práctico para la publicación y actualización de la información de manera que se mantenga al día, asegurando el cumplimiento de los principios de transparencia y máxima publicidad establecidos en la Ley 1712 de 2014 y en el Acuerdo de Escazú.","No aplica":"¡ALERTA! Tener lineamientos de actualización de la información correspondiente a planes y programas de proyectos ambientales es obligatorio en el marco del derecho de acceso a la información pública ambiental. Pidan un concepto al área jurídica para asegurar que en realidad esto no aplica a su entidad.","Sí - Básico":"Actualicen de manera periódica la información relacionada con planes, programas y proyectos ambientales, asegurando el cumplimiento de los principios de transparencia y máxima publicidad establecidos en la Ley 1712 de 2014 y en el Acuerdo de Escazú, publicando información clara, comprensible y accesible, para facilitar su consulta y comprensión por parte de la persona que consulte.","Sí - Avanzado":"Mantengan actualizada la información relacionada con planes, programas y proyectos ambientales disponibles. Asegúrense que la información se publique en formatos abiertos y en línea como lo establece la Ley 1712 de 2014, el CONPES 3920 y el Acuerdo de Escazú. Incorporen indicadores y avances de seguimiento de esos planes, programas y proyectos ambientales para facilitar su monitoreo ciudadano.","Sí - Intermedio":"Establezcan un protocolo o instructivo para la actualización de la información relacionada con planes, programas y proyectos ambientales, asegurando que se mantenga al día. Incluyan una rutina de revisión periódica de todos los planes y proyectos ambientales disponibles, completen la información que haga falta y aseguren su actualización en la página web institucional. Presenten estos contenidos de forma clara, comprensible y accesible, para facilitar su consulta y comprensión por parte de la ciudadanía."}$');
INSERT INTO "questions" ("id", "module_id", "question_text", "question_type", "order_index", "recommendations") VALUES (4, 1, '4. Nuestra página es accesible para todas las poblaciones diferenciales de nuestro territorio', 'statement', 4, '${"No":"¡ALERTA! Revisen los criterios de accesibilidad contenidos en la normativa vigente (Resolución 1519 de 2020 y en el artículo 14 del Decreto 2106 de 2019) y elaboren una ruta o plan de trabajo que les permita iniciar su implementación de forma ordenada, gradual y acorde con las capacidades de la entidad. Este proceso debe orientarse a garantizar el acceso equitativo a la información ambiental.","No aplica":"¡ALERTA! Es un compromiso con el acceso a la información pública garantizar el acceso equitativo a la información ambiental a todas las poblaciones de su territorio. Pidan un concepto al área jurídica para asegurar que en realidad esto no aplica a su entidad.","Sí - Básico":"Identifiquen de manera precisa los grupos poblacionales presentes en su territorio y reconozcan sus necesidades específicas en materia de accesibilidad. A partir de este análisis, incorporen criterios de accesibilidad y enfoque diferencial en la gestión de la información ambiental, y elaboren una ruta o plan de trabajo que oriente su implementación progresiva.","Sí - Avanzado":"Complementen este cumplimiento con acciones innovadoras que mejoren la experiencia de acceso, e incluyan validaciones con los grupos poblacionales como parte del proceso de mejora continua. Aseguren que la página web institucional cumpla con los estándares de accesibilidad establecidos en la Resolución 1519 de 2020 y en el artículo 14 del Decreto 2106 de 2019, garantizando el acceso efectivo a la información ambiental para todas las poblaciones del territorio.","Sí - Intermedio":"Revisen los criterios de accesibilidad definidos en la Resolución 1519 de 2020 (Anexo Técnico 1 - Guía WCAG) y en el artículo 14 del Decreto 2106 de 2019. Identifiquen el nivel actual de cumplimiento, determinen los aspectos pendientes y valoren los recursos necesarios para su implementación. Con base en este diagnóstico, elaboren una ruta o plan de trabajo que permita avanzar de forma planificada y sostenible."}$');
INSERT INTO "questions" ("id", "module_id", "question_text", "question_type", "order_index", "recommendations") VALUES (5, 1, '5. Hemos hecho pruebas de sistema de lenguaje claro en nuestra página', 'statement', 5, '${"No":"¡ALERTA! Inicien un diagnóstico básico de los contenidos publicados en la página web institucional, con especial atención a aquellos relacionados con los derechos de acceso a la información ambiental. Como parte del compromiso con la transparencia, se sugiere aplicar los lineamientos de la Estrategia Nacional de Lenguaje Claro del Departamento Administrativo de la Función Pública (DAFP), para asegurar el uso de un lenguaje accesible, directo y comprensible para toda la ciudadanía, en concordancia con la Ley 1712 de 2014, el Acuerdo de Escazú y el Decreto 1499 de 2017.","No aplica":"¡ALERTA! Es un compromiso con la transparencia y la lucha contra la corrupción el garantizar la comprensión de la información ambiental a todas las poblaciones de su territorio. Pidan un concepto al área jurídica para asegurar que en realidad esto no aplica a su entidad.","Sí - Básico":"Realicen pruebas de comprensión dirigidas a la ciudadanía, enfocadas en contenidos clave como trámites, normativas o decisiones ambientales. Estas pruebas deben permitir identificar dificultades en el entendimiento de la información y orientar ajustes que fortalezcan la transparencia. Se recomienda basarse en las herramientas y guías de la Estrategia Nacional de Lenguaje Claro (DAFP), priorizando aquellos contenidos que inciden directamente en el ejercicio del derecho al acceso a la información ambiental, conforme a la Ley 1712 de 2014, el Acuerdo de Escazú y el Decreto 1499 de 2017.","Sí - Avanzado":"Establezcan procesos y procedimientos que permitan la cocreación de documentos, contenidos o textos junto con los grupos poblacionales presentes en el territorio. Esta colaboración debe garantizar la inclusión de sus voces, saberes y necesidades, fortaleciendo la legitimidad de la información ambiental y promoviendo el acceso equitativo al conocimiento público.","Sí - Intermedio":"Institucionalicen la implementación del lenguaje claro a través de protocolos que incluyan validaciones sistemáticas con diversos públicos, especialmente aquellos con mayores barreras de acceso, como comunidades rurales, grupos étnicos o personas con baja escolaridad. Este proceso debe estar alineado con los principios y herramientas de la Estrategia Nacional de Lenguaje Claro (DAFP), promoviendo una comunicación pública comprensible y garantizando el acceso efectivo y no discriminatorio a la información ambiental, en cumplimiento de la Ley 1712 de 2014, el Acuerdo de Escazú y el Decreto 1499 de 2017."}$');
INSERT INTO "questions" ("id", "module_id", "question_text", "question_type", "order_index", "recommendations") VALUES (6, 1, '6. Dentro de nuestra página web los canales de contacto son visibles y accesibles a todas las poblaciones diferenciales de nuestro territorio', 'statement', 6, '${"No":"¡ALERTA! Revisen los lineamientos sobre relacionamiento con la ciudadanía establecidos en el Decreto 1499 de 2017, la Ley 1712 de 2014, la Resolución 1519 de 2020 (anexo técnico 2) y el Acuerdo de Escazú, y elaboren una ruta o plan de trabajo que les permita avanzar de manera progresiva y racional en la adecuación de sus canales de contacto, priorizando la inclusión, accesibilidad y transparencia.","No aplica":"¡ALERTA! Es un compromiso con el derecho de acceso a la información pública el garantizar acceso equitativo a la información ambiental por medio de la página web institucional a todas las poblaciones de su territorio. Pidan un concepto al área jurídica para asegurar que en realidad esto no aplica a su entidad.","Sí - Básico":"Realicen los ajustes necesarios para asegurar que de manera continua los canales de contacto institucionales sean visibles, accesibles y estén adaptados a las características y necesidades de las poblaciones diferenciales del territorio. Revisen los criterios definidos en el Decreto 1499 de 2017 (relacionamiento Estado–Ciudadanía), la Ley 1712 de 2014, la Resolución 1519 de 2020 (anexo técnico 2) y el Acuerdo de Escazú.","Sí - Avanzado":"Diseñen e implementen procesos que faciliten la evaluación continua de los canales de contacto web por parte de los grupos poblacionales del territorio. Esta evaluación debe permitir recoger sus percepciones y sugerencias, e identificar si existen otros medios de contacto más pertinentes o efectivos que requieran un diseño y planeación adaptada a sus contextos y necesidades específicas.","Sí - Intermedio":"Incorporen criterios de enfoque diferencial en los canales de contacto institucionales, de modo que se garantice la inclusión efectiva y la participación activa de los distintos grupos poblacionales presentes en el territorio. Creen un protocolo de mantenimiento y mejoramiento del acceso."}$');
INSERT INTO "questions" ("id", "module_id", "question_text", "question_type", "order_index", "recommendations") VALUES (7, 1, '7. El tiempo de respuesta de nuestros PQRS ambientales siempre se entregan bajo los términos de ley', 'statement', 7, '${"No":"¡ALERTA! La normatividad vigente obliga la respuesta de PQRS, no responder en los tiempos estipulados por la ley es una falta disciplinaria que puede llevar al funcionario o funcionarios encargados de responder a ser sancionados. Inicien el proceso de actualización y mejoramiento de respuesta a solicitudes ciudadanas para ello revisen la Ley 1755 y su reglamentación interna.","No aplica":"¡ALERTA! La normatividad vigente obliga la respuesta de PQRS, no responder en los tiempos estipulados por la ley es una falta disciplinaria que puede llevar al funcionario o funcionarios encargados de responder a ser sancionados. Pidan un concepto al área jurídica para asegurar que en realidad esto no aplica a su entidad.","Sí - Básico":"Inicien el proceso de actualización y mejoramiento de respuesta a solicitudes ciudadanas para ello revisen la Ley 1755 y su reglamentación interna.","Sí - Avanzado":"Fortalezcan de manera participativa el seguimiento constante a la gestión de PQRS ambientales para asegurar respuestas en lenguaje claro comprensibles para los ciudadanos. Midan el nivel de comprensión de sus respuestas. Complementen esta labor con la publicación periódica de informes que incluyan estadísticas, tiempos de respuesta y mejoras implementadas, como lo establece la Resolución 1519 de 2020.","Sí - Intermedio":"Identifiquen las causas que han originado incumplimientos en los tiempos de respuesta a solicitudes ciudadanas y definan acciones de mejora que permitan prevenir su recurrencia, fortaleciendo así la confianza y la eficiencia institucional."}$');
INSERT INTO "questions" ("id", "module_id", "question_text", "question_type", "order_index", "recommendations") VALUES (8, 1, '8. Tenemos establecidos claramente los criterios para denegar solicitudes de información ambiental', 'statement', 8, '${"No":"¡ALERTA! Revisen los criterios, procedimientos y definiciones establecidos en el artículo 18 de la Ley 1712 de 2014 y en el Acuerdo de Escazú relacionados con la denegación de información ambiental. A partir de esta revisión, elaboren una ruta o plan de trabajo que les permita avanzar gradualmente en la adopción e implementación de estos lineamientos. Pueden considerar acciones como: identificar vacíos normativos internos, fortalecer capacidades técnicas del equipo jurídico, y establecer mecanismos internos de revisión y validación antes de emitir una respuesta negativa a una solicitud de información.","No aplica":"¡ALERTA! La normatividad vigente obliga la elaboración de índice de información clasificada y reservada o no hacerlos se configura como una falta disciplinaria que puede llevar al funcionario o funcionarios encargados de la información a ser sancionados. Pidan un concepto al área jurídica para asegurar que en realidad esto no aplica a su entidad.","Sí - Básico":"Elaboren o actualicen el índice de información clasificada y reservada, asegurando que se incluyan los actos, documentos y datos que, conforme a la Ley 1712 de 2014, se encuentran legalmente restringidos. Definan de forma clara y accesible los criterios aplicables para la denegación de solicitudes de información ambiental, conforme al artículo 18 de dicha ley.","Sí - Avanzado":"Sigan actualizando el índice de información clasificada y reservada, incluyendo de manera ordenada y sistemática las denominaciones, motivaciones y actos administrativos que justifican la reserva o clasificación. Esto no solo contribuye al cumplimiento de la Ley 1712 de 2014 y del Acuerdo de Escazú, sino que fortalece la confianza ciudadana en la gestión pública. Como buena práctica, pueden implementar un calendario de revisión trimestral y designar responsables por área para asegurar su constante actualización.","Sí - Intermedio":"Revisen el índice de información clasificada y reservada y asegúrense de que incluya de forma explícita y comprensible los criterios para la denegación de información ambiental, en concordancia con el artículo 18 de la Ley 1712 de 2014. Verifiquen que esté adoptado formalmente mediante acto administrativo vigente y actualícenlo si es necesario. Para fortalecer la cultura de transparencia, promuevan espacios de formación dirigidos tanto a servidores públicos como a la ciudadanía, en los que se expliquen de manera clara las causales legales de reserva y se fomenten prácticas de acceso abierto responsable."}$');
INSERT INTO "questions" ("id", "module_id", "question_text", "question_type", "order_index", "recommendations") VALUES (9, 1, '9. Conocemos la prueba de interés público para determinar la denegación de información', 'statement', 9, '${"No":"¡ALERTA! Revisen en el Acuerdo de Escazú y en la Ley 1712 de 2024 los criterios de denegación de información, entrega parcial de la información y la aplicación de la prueba de interés público. Determinen en qué casos y ocasiones procede la aplicación de la prueba de interés público y elaboren un protocolo (procedimiento, guía, instrumento) que determine los criterios, roles y responsabilidades para su aplicación. Socialicen y capaciten.","No aplica":"¡ALERTA! Es importante conocer la prueba de interés público para determinar la denegación de información ambiental. Pidan un concepto al área jurídica para asegurar que en realidad esto no aplica a su entidad.","Sí - Básico":"Definan claramente en qué situaciones aplica esta prueba y construyan un protocolo o instructivo que oriente su aplicación dentro de la entidad. Este instrumento puede incluir criterios técnicos y jurídicos, pasos de análisis, responsables por área, tiempos máximos de respuesta y ejemplos prácticos. Para garantizar su correcta implementación, promuevan procesos de formación interna, y sesiones de retroalimentación con los equipos encargados de gestionar solicitudes de información.","Sí - Avanzado":"Realicen seguimiento periódico a los casos en los que se haya aplicado la prueba de interés público, manteniendo cifras actualizadas y registros sistematizados. Para fortalecer la trazabilidad y gestión del conocimiento, creen una base de datos interna o tablero de control que sirva como insumo para procesos de mejora y rendición de cuentas.","Sí - Intermedio":"Implementen un sistema de seguimiento específico para los casos en los que se haya aplicado la prueba de interés público, documentando las justificaciones técnicas y jurídicas de manera clara y verificable. Para fortalecer la gestión institucional, desarrollen indicadores que permitan analizar la frecuencia de uso, los tipos de información involucrada y las decisiones tomadas."}$');
INSERT INTO "questions" ("id", "module_id", "question_text", "question_type", "order_index", "recommendations") VALUES (10, 1, '10. Contamos con formatos alternativos, accesibles y comprensibles para que la ciudadanía pueda acceder a la información ambiental y servicios de manera efectiva, incluyendo a la población en situación de vulnerabilidad', 'statement', 10, '${"No":"¡ALERTA! Parte de su población no tiene acceso a información ambiental. Diseñe formatos alternativos, accesibles y comprensibles que faciliten el acceso a la información ambiental y a los servicios institucionales, en cumplimiento de la Ley 1712 de 2024, la Resolución 1519 de 2020 (anexo técnico 1), el Acuerdo de Escazú, la Ley 1346 de 2009 y los principios de accesibilidad universal.","No aplica":"¡ALERTA! es un compromiso con el acceso a la información pública garantizar el acceso equitativo a la información ambiental a todas las poblaciones de su territorio. Pidan un concepto al área juridica para asegurar que en realidad esto no aplica a su entidad.","Sí - Básico":"Revisen de manera integral todos los formatos que ofrece la entidad, asegurándose de que sean comprensibles, inclusivos y accesibles, según lo establecido en la normativa vigente. Para ello, pueden aplicar listas de verificación basadas en los estándares internacionales WCAG 2.1. En función de los hallazgos, realicen los ajustes necesarios que permitan a cualquier persona, independientemente de sus condiciones, acceder efectivamente a los servicios institucionales y la información ambiental disponible.","Sí - Avanzado":"Realicen un diagnóstico comparativo frente a los formatos actualmente en uso. Lleve a cabo pruebas de usuario con distintos perfiles poblacionales o implemente procesos de validación participativa. A partir de esta revisión, construyan una ruta o plan de trabajo para su adecuación progresiva, priorizando aquellos de mayor uso o impacto en el acceso a información ambiental.","Sí - Intermedio":"Implementen un sistema de seguimiento al uso y efectividad de los formatos disponibles, evaluando su nivel de accesibilidad frente a las necesidades reales de los grupos poblacionales del territorio. Para ello, pueden aplicar encuestas de satisfacción, recoger retroalimentación directa o realizar ejercicios de observación con públicos diversos. Con base en estos insumos, propongan mejoras continuas y mantengan los formatos actualizados, asegurando que respondan tanto a los cambios normativos como a las transformaciones en el contexto institucional y social."}$');
INSERT INTO "questions" ("id", "module_id", "question_text", "question_type", "order_index", "recommendations") VALUES (11, 1, '11. Hemos definido costos asociados con la entrega de información ambiental razonables y transparentes', 'statement', 11, '${"No":"¡ALERTA! Revisen los lineamientos establecidos en el artículo 26 de la Ley 1712 de 2014, la Resolución 1519 de 2020 y el Acuerdo de Escazú, y establezca una política institucional de costos de reproducción que asegure su razonabilidad, transparencia y coherencia con el principio de no discriminación. Implementen criterios diferenciales para personas o grupos en condición de vulnerabilidad. Esta política puede quedar consolidada en un protocolo interno, acompañado de un instructivo claro para su aplicación.","No aplica":"¡ALERTA! Para ejercer su derecho de acceso a la información pública, la ciudadanía debe conocer los costos asociados con la entrega de información ambiental. Pidan un concepto al área juridica para asegurar que en realidad esto no aplica a su entidad.","Sí - Básico":"Elaboren y adopten mediante acto administrativo una tabla de costos de reproducción de la información pública, en la que se detalle de forma clara y comprensible el valor unitario por tipo de formato (impreso, digital, audiovisual, entre otros). Asegúrense de que estos valores sean razonables, estén sustentados técnicamente y no generen barreras económicas al acceso a la información ambiental. Publiquen esta información en un lugar visible de la página web institucional y en los canales de atención a la ciudadanía, promoviendo la transparencia activa.","Sí - Avanzado":"Realicen una revisión anual de estos costos en la que puedan participar actores clave del territorio, como organizaciones sociales, veedurías y ciudadanía interesada. Esta revisión participativa permite ajustar los valores a la realidad institucional y social. Mantengan disponibles y fácilmente consultables los costos de reproducción de la información pública, incluyendo la versión vigente del acto administrativo que los respalda.","Sí - Intermedio":"Realicen un análisis de costos realista que incluya factores como tipo de soporte, insumos y tiempos de procesamiento. Publique las actualizaciones en un lenguaje claro y en formatos accesibles, Revise y actualice periódicamente el acto administrativo que fija los costos de reproducción, asegurando que los valores estén alineados con la normatividad vigente (Ley 1712 de 2014, Resolución 1519 de 2020, Acuerdo de Escazú)."}$');
INSERT INTO "questions" ("id", "module_id", "question_text", "question_type", "order_index", "recommendations") VALUES (17, 2, '17. Medimos nuestro desempeño ambiental, implementamos un plan estructurado y documentado para mitigar impactos y promover mejoras, y divulgamos los resultados a la ciudadanía', 'statement', 17, '${"No":"¡ALERTA! Elaboren un diagnóstico ambiental básico que identifique los principales impactos de su gestión y formulen un plan estructurado y documentado con metas, indicadores y acciones prioritarias para mitigar impactos y mejorar su desempeño ambiental. Aseguren el seguimiento mediante herramientas de control, y divulguen los resultados de forma accesible a la ciudadanía, en coherencia con la normativa vigente y promoviendo la transparencia y la participación.","No aplica":"¡ALERTA! Es muy dificil mejorar o mitigar riesgos si no mido mi desempeño ambiental. Pidan un concepto al área juridica para asegurar que en realidad esto no aplica a su entidad.","Sí - Básico":"Inicien con un diagnóstico ambiental básico que identifique los principales impactos y les permita formular un plan estructurado con metas y acciones prioritarias. Establezcan un cronograma con responsables, plazos e indicadores, apoyado en una matriz de actividades y una hoja de control que facilite el seguimiento, los ajustes y la divulgación progresiva de los resultados a la ciudadanía.","Sí - Avanzado":"Fortalezcan los canales de comunicación con la ciudadanía para divulgar los resultados ambientales de manera accesible y comprensible; para ello, pueden utilizar boletines digitales, resúmenes visuales en lenguaje claro, sesiones informativas y mecanismos de retroalimentación que permitan adaptar los mensajes según las necesidades del público.","Sí - Intermedio":"Fortalezcan el seguimiento del plan de desempeño ambiental, asignen responsabilidades específicas por área, definan los indicadores de medición y programen rutinas periódicas de evaluación; para ello, pueden apoyarse en una plantilla simple que consolide las acciones, responsables y tiempos, y utilizar herramientas digitales como calendarios compartidos o tableros de seguimiento que faciliten el control y la mejora continua."}$');
INSERT INTO "questions" ("id", "module_id", "question_text", "question_type", "order_index", "recommendations") VALUES (12, 2, '12. Informamos a nuestra ciudadanía de manera trimestral sobre su derecho al acceso de la información ambiental (por medios físicos, remotos y locales de comunicación)', 'statement', 12, '${"No":"¡ALERTA! Diseñen un plan de divulgación que establezca claramente con qué periodicidad pueden realizar estas campañas, los responsables de la comunicación, identifiquen los medios disponibles (como carteleras comunitarias, boletines informativos, redes sociales institucionales o emisoras locales) y propongan un cronograma mínimo para garantizar una difusión continua. Prioricen contenidos clave relacionados con el derecho al acceso a la información ambiental.","No aplica":"¡ALERTA! Es un derecho de la ciudadanía conocer sobre sus derechos al acceso de la información ambiental (por medios físicos, remotos y locales de comunicación). Pidan un concepto al área juridica para asegurar que en realidad esto no aplica a su entidad.","Sí - Básico":"Diseñen un plan de divulgación trimestral que establezca claramente los responsables de la comunicación, identifique los medios disponibles (como carteleras comunitarias, boletines informativos, redes sociales institucionales o emisoras locales) y propongan un cronograma mínimo para garantizar una difusión continua. Prioricen contenidos clave relacionados con el derecho al acceso a la información ambiental.","Sí - Avanzado":"Implementen mecanismos accesibles de retroalimentación ciudadana, como encuestas breves, buzones de opinión, grupos focales o consultas virtuales, que permitan evaluar si la información ambiental difundida está siendo comprendida y resulta útil para la ciudadanía. A partir de estos insumos, realicen ajustes periódicos a la estrategia de comunicación, mejorando el diseño de los contenidos y su pertinencia territorial.","Sí - Intermedio":"Fortalezcan la estrategia de comunicación mediante la estandarización de los mensajes institucionales y la calendarización de las acciones de divulgación, procurando que la información llegue de manera oportuna y comprensible a todos los grupos poblacionales del territorio. Para ello, podrían combinarse medios digitales (página web, redes sociales, correo electrónico) y físicos (boletines impresos, perifoneo, encuentros comunitarios), adaptando el lenguaje y los formatos según las características socioculturales de cada población."}$');
INSERT INTO "questions" ("id", "module_id", "question_text", "question_type", "order_index", "recommendations") VALUES (13, 2, '13. Tenemos un registro de emisiones y transferencias de contaminantes al aire, agua, suelo y subsuelo bajo su jurisdicción conforme a la normatividad aplicable', 'statement', 13, '${"No":"¡ALERTA! Implementen un sistema básico de registro actualizado de emisiones y transferencias de contaminantes al aire, agua, suelo y subsuelo, de acuerdo con los lineamientos del RUA, el PRTR Colombia y la normativa vigente. Esto contribuiría significativamente al cumplimiento del artículo 6 del Acuerdo de Escazú y al fortalecimiento del derecho al acceso a la información ambiental.","No aplica":"¡ALERTA! Es un derecho de la ciudadanía conocer sobre emisiones y transferencias de contaminantes al aire, agua, suelo y subsuelo en su territorio. Pidan un concepto al área juridica para asegurar que en realidad esto no aplica a su entidad.","Sí - Básico":"Implementen un sistema básico de registro que les permita iniciar la recolección estructurada de datos sobre emisiones y transferencias de contaminantes. Establezcan un formato estándar para los reportes internos, de modo que comiencen a fortalecer sus procesos de documentación y seguimiento.","Sí - Avanzado":"Amplíen la interoperabilidad de su sistema de registro con otras bases de datos ambientales, tanto internas como externas. Aseguren el cumplimiento de estándares de calidad de datos y fortalezcan las capacidades técnicas del personal mediante procesos formativos continuos.","Sí - Intermedio":"Desarrollen un mecanismo que les permita consolidar y sistematizar los datos que ya tengan disponibles, y que establezcan procedimientos periódicos de actualización y validación."}$');
INSERT INTO "questions" ("id", "module_id", "question_text", "question_type", "order_index", "recommendations") VALUES (14, 2, '14. Garantizamos la divulgación inmediata de información en caso de una amenaza inminente a la salud pública o al medio ambiente', 'statement', 14, '${"No":"¡ALERTA! En cumplimiento con el principio de precaución, el artículo 8 de la Ley 99 de 1993 y los compromisos del artículo 6 del Acuerdo de Escazú deben establecer un protocolo para la divulgación inmediata de información ante una amenaza inminente a la salud pública o al ambiente, . Este protocolo puede incluir la activación de alertas tempranas a través de medios comunitarios, redes sociales institucionales, mensajes de texto masivos, radios locales y carteleras físicas en zonas afectadas. También es clave capacitar al personal responsable y articularse con los comités de gestión del riesgo y autoridades ambientales para asegurar una respuesta rápida, coordinada y efectiva.","No aplica":"¡ALERTA! En cumplimiento con el principio de precaución, el artículo 8 de la Ley 99 de 1993 y los compromisos del artículo 6 del Acuerdo de Escazú deben establecer un protocolo para la divulgación inmediata de información ante una amenaza inminente a la salud pública o al ambiente. Pidan un concepto al área juridica para asegurar que en realidad esto no aplica a su entidad.","Sí - Básico":"Diseñen o implementen un protocolo básico que les permita actuar con agilidad ante una emergencia ambiental. Este protocolo debería establecer quién comunica qué, por qué canal y en cuánto tiempo. Incluyan medios digitales, físicos y comunitarios, y realicen una versión de fácil consulta para la ciudadanía.","Sí - Avanzado":"Capaciten de forma periódica al personal encargado de la comunicación en contextos de emergencia, incluyendo simulacros y ejercicios prácticos. Asimismo, Implementen encuestas o espacios participativos para recoger percepciones ciudadanas y ajustar sus estrategias comunicativas de forma proactiva.","Sí - Intermedio":"Conformen un comité interinstitucional de respuesta rápida para coordinar acciones de divulgación inmediata, reduciendo tiempos y evitando duplicidades de información."}$');
INSERT INTO "questions" ("id", "module_id", "question_text", "question_type", "order_index", "recommendations") VALUES (15, 2, '15. Nuestra entidad usa y carga información de los sistemas de información ambiental (VITAL, SIAC, RUA)', 'statement', 15, '${"No":"¡ALERTA! Fortalezcan el uso y la actualización oportuna de los sistemas de información ambiental como VITAL, SIAC y RUA, asegurando la carga regular de datos conforme a la normativa vigente. Esto mejora la gestión ambiental, facilita la toma de decisiones basada en evidencia y contribuye al cumplimiento de los principios de transparencia y acceso a la información establecidos en el Acuerdo de Escazú. Capacite al personal técnico y designe responsables para garantizar el funcionamiento continuo de estos sistemas.","No aplica":"¡ALERTA! Los sisitema de información ambiental mejoran la toma de decisiones y la transparencia. La falla de actualización obscurece la gestión y no permite comunicar la riqueza de los avances del sector a la ciudadanía. Pidan un concepto al área juridica para asegurar que su entidad no es responsable de la subida de información a VITAL, SIAC y RUA,.","Sí - Básico":"Desarrollen espacios prácticos y pedagógicos que permitan a los equipos comprender no solo cómo funcionan VITAL, SIAC y RUA sino también su impacto en la toma de decisiones, la planificación y la rendición de cuentas. Incorporen ejercicios aplicados, estudios de caso y materiales gráficos sencillos que faciliten el aprendizaje.","Sí - Avanzado":"Revisen y actualicen los procedimientos internos asociados a la gestión de información para mejorar la calidad de los datos cargados, asegurando la retroalimentación con los equipos técnicos y fortaleciendo la rendición de cuentas sobre los reportes generados. Fortalezcan el uso y la actualización oportuna de los sistemas de información ambiental como VITAL, SIAC y RUA.","Sí - Intermedio":"Determinen un cronograma insitucional con responsables definidos para la carga periódica de información, que incluya un protocolo básico de validación de datos antes del envío y actualización oportuna de los sistemas de información ambiental VITAL, SIAC y RUA."}$');
INSERT INTO "questions" ("id", "module_id", "question_text", "question_type", "order_index", "recommendations") VALUES (16, 2, '16. Nuestros datos ambientales siempre están disponibles en formatos editables', 'statement', 16, '${"No":"¡ALERTA! Adopten la práctica de publicar los datos ambientales en formatos abiertos directamente en su página web y plataformas públicas como datos.gov.co, asegurando que sean fáciles de descargar y entender; incluyan una sección específica en el sitio institucional, habiliten alertas de actualización y elaboren guías breves o infografías que expliquen el uso de los datos para facilitar su comprensión por parte de la ciudadanía.","No aplica":"¡ALERTA! Es un compromiso del país con la Alianza para el Gobierno Abierto tener datos ambientales disponibles en formatos editables para su uso en el control social, la investigación académica y la veeduría. Pidan un concepto al área jurídica para asegurar que en realidad esto no aplica a su entidad.","Sí - Básico":"Conviertan los documentos en formatos cerrados, como PDF, a formatos abiertos y editables, como WORD XLS o CSV, priorizando aquellos de mayor interés ciudadano; para ello, identifiquen los archivos más consultados en la web o solicitados por derecho de petición y utilicen herramientas básicas de conversión disponibles en programas de ofimática.","Sí - Avanzado":"Mejoren la documentación de los datos asegurando que cada conjunto incluya metadatos básicos como fecha de publicación, responsable, unidad de medida y fuente; para ello, creen una plantilla estándar que facilite la sistematización y revisión periódica por parte del equipo técnico.","Sí - Intermedio":"Realicen un inventario de los conjuntos de datos disponibles y definan un plan gradual de apertura, comenzando con los datos más relevantes para la gestión ambiental; organicen esta tarea en una hoja de cálculo simple, asignando responsables y fechas de actualización para cada conjunto."}$');
INSERT INTO "questions" ("id", "module_id", "question_text", "question_type", "order_index", "recommendations") VALUES (18, 2, '18. Publicamos información completa sobre los procesos de toma de decisiones ambientales ( concesiones, licencias, permisos, contratos, convenios o autorizaciones , entre otros)', 'statement', 18, '${"No":"¡ALERTA! Aseguren que la información relacionada con los procesos de toma de decisiones ambientales, como concesiones, licencias, permisos, contratos, convenios y autorizaciones, sea publicada de forma accesible, completa y en formatos abiertos, incluyendo criterios de evaluación, responsables, decisiones tomadas e impactos ambientales considerados. Esta acción contribuye a garantizar la transparencia, el acceso a la información y la participación ciudadana, en cumplimiento con los principios del artículo 6 del Acuerdo de Escazú y la Ley 1712 de 2014.","No aplica":"¡ALERTA! El acceso a la información ambiental incluyendo información completa sobre los procesos de toma de decisiones ambientales (concesiones, licencias, permisos, contratos, convenios o autorizaciones , entre otros) es un derecho de los ciudadanos . Pidan un concepto al área juridica para asegurar que en realidad esto no aplica a su entidad.","Sí - Básico":"Diseñen un plan básico de publicación periódica, preferiblemente mensual, que incluya un formato estándar por tipo de documento (concesiones, licencias, permisos, contratos, convenios o autorizaciones , entre otros), de modo que exista un punto de partida claro, accesible y replicable; para ello, pueden estructurar una matriz sencilla que defina el tipo de información, responsable de carga y fecha de publicación.","Sí - Avanzado":"Incorporen auditorías internas periódicas, al menos una vez por semestre, donde se revise la vigencia e integridad de la información publicada, identifiquen oportunidades de mejora y verifiquen su interoperabilidad con otras plataformas públicas o territoriales; pueden crear un equipo o designar un responsable para liderar esta tarea y generar un informe breve de hallazgos y recomendaciones.","Sí - Intermedio":"Implementen mecanismos de trazabilidad que permitan hacer seguimiento a cada documento publicado (concesiones, licencias, permisos, contratos, convenios o autorizaciones , entre otros), mediante la creación de fichas técnicas con metadatos básicos (fecha, fuente, tipo de decisión, responsable) y cronogramas visibles de publicación; además, completen los registros faltantes para brindar un panorama coherente, verificable y útil para la ciudadanía."}$');
INSERT INTO "questions" ("id", "module_id", "question_text", "question_type", "order_index", "recommendations") VALUES (19, 2, '19. Tenemos una estrategia dirigida a privados, presentes en nuestro territorio, para que publiquen información ambiental', 'statement', 19, '${"No":"¡ALERTA! Diseñen una estrategia proactiva dirigida a los actores privados del territorio para fomentar la publicación voluntaria de información ambiental relevante, estableciendo alianzas estratégicas y brindándoles orientación sencilla sobre cómo divulgar sus datos de forma clara y útil; pueden incluir incentivos simbólicos, compromisos públicos o espacios colaborativos que contribuyan a la transparencia ambiental y al cumplimiento de la Ley 1712 de 2014 y el Acuerdo de Escazú.","No aplica":"¡ALERTA! Recuerde que el acceso a la información ambiental es un derecho. Pidan un concepto al área juridica para asegurar que en realidad esto no aplica a su entidad.","Sí - Básico":"Formalicen los lineamientos actuales en un documento guía o protocolo interno que oriente cómo involucrar al sector privado en la publicación de información ambiental, y desarrollen al menos una acción piloto, como una mesa de trabajo, convenio o ejercicio de co-publicación, para poner a prueba y ajustar lo definido en el documento.","Sí - Avanzado":"Incluyan mecanismos de evaluación participativa del impacto generado por la publicación de información ambiental por parte de privados; para ello, pueden incorporar indicadores tanto cuantitativos (como número de accesos, solicitudes o descargas) como cualitativos (percepciones de utilidad o confianza), así como convocar espacios de diálogo con organizaciones sociales, comunidades locales y otros actores interesados para recoger insumos que permitan mejorar los contenidos, formatos y canales de publicación.","Sí - Intermedio":"Revisen y actualicen la estrategia institucional existente para incorporar mecanismos que evalúen el impacto de la publicación de información ambiental por parte de privados, por ejemplo, mediante indicadores de acceso, reutilización o mejoras en la toma de decisiones y fortalezcan las capacidades del equipo técnico mediante jornadas de formación y espacios de acompañamiento."}$');
INSERT INTO "questions" ("id", "module_id", "question_text", "question_type", "order_index", "recommendations") VALUES (20, 3, '20. Tenemos un plan ajustado a los marcos normativos nacionales e internacionales para asegurar la participación ciudadana en la toma de decisiones ambientales que incluye las obligaciones internacionales respecto a los derechos de los pueblos indígenas y las comunidades locales', 'statement', 20, '${"No":"¡ALERTA! La participación es un derecho fundamental consagrado en la Constitución Política de Colombia. Formulen un plan específico de participación ciudadana que integre las obligaciones establecidas por el Acuerdo de Escazú y la Ley 1757 de 2015, incluyendo medidas concretas para garantizar los derechos de los pueblos indígenas y comunidades locales; para ello, incluyan en el diseño del plan a representantes de estos pueblos, consideren tiempos y formas propias de deliberación y aseguren que los espacios de participación sean continuos, vinculantes y con capacidad de incidencia.","No aplica":"¡ALERTA! La participación es un derecho fundamental consagrado en la Constitución Política de Colombia, y su garantía se refuerza en el caso de los pueblos indígenas, quienes gozan de especial protección, especialmente en asuntos relacionados con el ambiente. Esta protección está respaldada por la Ley 21 de 1991 (Convenio 169 de la OIT), la Ley 99 de 1993, la Ley 1757 de 2015 y el Acuerdo de Escazú, que reconocen su derecho a participar de manera activa, informada y culturalmente adecuada en las decisiones que puedan afectar sus territorios, recursos naturales y formas de vida. Pidan un concepto al área juridica para asegurar que en realidad esto no aplica a su entidad.","Sí - Básico":"Formulen un plan integral que incorpore el enfoque étnico-territorial y garantice el cumplimiento de los marcos normativos nacionales e internacionales relacionados con la participación ambiental; para ello, identifiquen de manera participativa a las comunidades étnicas presentes en el territorio, reconozcan sus dinámicas organizativas y aseguren la inclusión de medidas culturalmente pertinentes que reflejen sus derechos colectivos, prioridades ambientales y mecanismos tradicionales de decisión.","Sí - Avanzado":"Compartan el plan como una buena práctica institucional mediante su publicación en espacios digitales accesibles y su presentación en eventos interinstitucionales o comunitarios, destacando cómo contribuye al cumplimiento efectivo de la Ley 1757 de 2015 y el Acuerdo de Escazú en términos de participación, transparencia y enfoque diferencial; asimismo, documenten las lecciones aprendidas y creen materiales pedagógicos para que otras entidades puedan replicar la experiencia.","Sí - Intermedio":"Mejoren la implementación de su plan mediante acciones articuladas de consulta previa, seguimiento concertado y formación continua, asegurándose de que estas se desarrollen en lenguas propias cuando sea necesario y en espacios definidos por las comunidades; además, verifiquen que las medidas adoptadas estén alineadas con los principios del Acuerdo de Escazú y la Ley 1757 de 2015, promoviendo la participación activa y la justicia ambiental para los pueblos étnicos en condiciones de equidad."}$');
INSERT INTO "questions" ("id", "module_id", "question_text", "question_type", "order_index", "recommendations") VALUES (21, 3, '21. Promovemos participación ciudadana abierta e inclusiva en las decisiones ambientales de manera transparente y teniendo en cuenta sus necesidades', 'statement', 21, '${"No":"¡ALERTA! Implementen, para iniciar, espacios básicos de participación que faciliten la expresión de necesidades de la ciudadanía y su acceso transparente a la información sobre decisiones ambientales, en coherencia con lo establecido por el Acuerdo de Escazú y la Ley 1757 de 2015. Para esto, pueden habilitar puntos de información comunitaria, convocar encuentros ciudadanos con frecuencia establecida y garantizar la presencia institucional en zonas rurales o de difícil acceso.","No aplica":"¡ALERTA! La participación es un derecho fundamental consagrado en la Constitución Política de Colombia. Pidan un concepto al área juridica para asegurar que en realidad esto no aplica a su entidad.","Sí - Básico":"Definan y fortalezcan los espacios existentes de participación ciudadana para garantizar mayor inclusión, representatividad y acceso equitativo a la información, en cumplimiento de los principios de transparencia y no discriminación establecidos en el Acuerdo de Escazú y en la Ley 1757 de 2015. Para ello, pueden realizar un diagnóstico participativo de los espacios actuales, ajustar horarios y formatos a las necesidades de los actores del territorio, y asegurar traducción o interpretación en lenguas indígenas cuando sea necesario.","Sí - Avanzado":"Añadan nuevas estrategias de participación que permitan a la ciudadanía incidir efectivamente en las decisiones ambientales y respondan a las particularidades culturales, sociales y territoriales de las comunidades, integrando enfoques diferenciales. Pueden iniciar con mesas comunitarias de diálogo, consultas previas en temas de alto impacto ambiental y ejercicios de presupuestos participativos en proyectos ambientales locales.","Sí - Intermedio":"Propongan mecanismos estructurados de retroalimentación y trazabilidad de los aportes ciudadanos, complementados con estrategias de comunicación clara, comprensible y accesible para distintos públicos. Esto puede incluir la creación de informes ciudadanos que muestren cómo se tuvieron en cuenta sus aportes, mapas visuales del proceso de toma de decisiones y canales abiertos de consulta permanente."}$');
INSERT INTO "questions" ("id", "module_id", "question_text", "question_type", "order_index", "recommendations") VALUES (22, 3, '22. Promovemos activamente que la ciudadanía participe en cualquier momento del proceso de toma de decisiones', 'statement', 22, '${"No":"¡ALERTA! Inicien acciones que permitan a la ciudadanía participar más allá de las etapas formales de consulta, garantizando espacios abiertos, accesibles y periódicos durante todo el proceso de toma de decisiones ambientales. Esto puede incluir foros ciudadanos previos y posteriores a la decisión, encuestas públicas y alianzas con organizaciones comunitarias para convocatorias más inclusivas, en coherencia con el Acuerdo de Escazú y la Ley 1757 de 2015.","No aplica":"¡ALERTA! La participación es un derecho fundamental consagrado en la Constitución Política de Colombia. Pidan un concepto al área juridica para asegurar que en realidad esto no aplica a su entidad.","Sí - Básico":"Mejoren la difusión y accesibilidad de los canales existentes, promoviendo activamente su uso en las distintas etapas del proceso de toma de decisiones, en línea con los estándares del Acuerdo de Escazú y la Ley 1757 de 2015. Para ello, pueden actualizar y redistribuir la información sobre estos canales en medios comunitarios, páginas web y redes sociales institucionales, e incluir orientación clara sobre cómo y cuándo usarlos. Si tienen una estrategia de participación ajústenla para promover activamente que la ciudadanía participe en cualquier momento del proceso de toma de decisiones si no tienen, diseñenla.","Sí - Avanzado":"Institucionalicen la participación ciudadana como un componente transversal en todas las fases del proceso de decisión ambiental, con enfoque de derechos, trazabilidad y evaluación participativa. Pueden incluir esta perspectiva en los planes operativos institucionales, elaborar rutas de participación por tipo de decisión y desarrollar indicadores de seguimiento junto con actores sociales.","Sí - Intermedio":"Fortalezcan la estrategia de participación mediante el diseño de contenidos pedagógicos, convocatorias abiertas y permanentes, y mecanismos de retroalimentación ciudadana. Esto puede lograrse a través de cartillas informativas, espacios virtuales interactivos y buzones de sugerencias que permitan una participación más equitativa y continua, conforme a la Ley 1757 de 2015 y a los principios de justicia ambiental del Acuerdo de Escazú."}$');
INSERT INTO "questions" ("id", "module_id", "question_text", "question_type", "order_index", "recommendations") VALUES (23, 3, '23. Informamos oportunamente a la ciudadanía sobre los detalles de la participación en los procesos de toma de decisiones ambientales (por medios físicos, remotos y locales de comunicación)', 'statement', 23, '${"No":"¡ALERTA! Diseñen una ruta informativa que incluya los medios a los cuales su entidad tiene acceso o administración. La ruta debe contemplar formatos físicos, digitales y comunitarios, para establecer una estrategia de difusión clara, oportuna y accesible que permita a distintos públicos conocer y acceder a los espacios de participación.","No aplica":"¡ALERTA! El acceso a la información ambiental incluyendo información para la participación en los procesos de toma de decisiones ambientales es un derecho . Pidan un concepto al área juridica para asegurar que en realidad esto no aplica a su entidad.","Sí - Básico":"Establezcan canales básicos de comunicación que aseguren el acceso claro y oportuno a la información sobre procesos participativos, conforme a los principios del Acuerdo de Escazú y la Ley 1712 de 2014. Esto puede incluir líneas telefónicas institucionales, secciones web actualizadas, mensajes de texto comunitarios o puntos físicos de consulta, especialmente en zonas rurales o de difícil acceso.","Sí - Avanzado":"Diversifiquen los medios de información utilizados, combinando formatos físicos, digitales y comunitarios, para establecer una estrategia de difusión clara, oportuna y accesible que permita a distintos públicos conocer y acceder a los espacios de participación. Para ello, pueden emplear carteleras locales, emisoras comunitarias, redes sociales institucionales y formatos multilingües o adaptados según el contexto, en cumplimiento del principio de acceso a la información del Acuerdo de Escazú y las disposiciones de la Ley 1712 de 2014.","Sí - Intermedio":"Fortalezcan la estrategia de comunicación para garantizar que toda la ciudadanía reciba información comprensible, en lenguaje sencillo, con enfoque territorial y en tiempos adecuados. Esto puede lograrse mediante guías prácticas, piezas audiovisuales breves, traducciones culturales y cronogramas anticipados, contribuyendo al ejercicio efectivo del derecho a participar y al cumplimiento de los principios del Acuerdo de Escazú y de la Ley 1712 de 2014."}$');
INSERT INTO "questions" ("id", "module_id", "question_text", "question_type", "order_index", "recommendations") VALUES (24, 3, '24. Tenemos planes específicos para facilitar la participación de las comunidades impactadas directamente en los procesos de toma de decisiones ambientales', 'statement', 24, '${"No":"¡ALERTA! Creen un plan con acciones concretas que garanticen la participación efectiva de las comunidades más afectadas por los impactos ambientales, asegurando canales de comunicación accesibles, tiempos adecuados y materiales pedagógicos adaptados. Para ello, pueden realizar un mapeo participativo de actores territoriales, adaptar los cronogramas a sus dinámicas comunitarias y generar contenidos en lenguas propias o formatos comprensibles, cumpliendo así con el enfoque diferencial previsto en el Acuerdo de Escazú y la Ley 1757 de 2015 (Ley de Participación).","No aplica":"¡ALERTA! Verifiquen que no estén omitiendo el deber legal de garantizar el acceso a la información ambiental, incluyendo aquella necesaria para participar en los procesos de toma de decisiones ambientales, este es un derecho protegido por el artículo 74 de la Constitución Política de Colombia, el Acuerdo de Escazú y la Ley 1712 de 2014 (Ley de Transparencia). Pidan un concepto al área juridica para asegurar que en realidad esto no aplica a su entidad.","Sí - Básico":"Desarrollen planes específicos que faciliten la participación activa de las comunidades directamente impactadas por los procesos de toma de decisiones ambientales, asegurando el cumplimiento de los principios de justicia ambiental, acceso a la información y participación efectiva. Estos planes podrían construirse con metodologías participativas, incluir espacios de escucha activa y definir indicadores de inclusión y equidad, de manera articulada con las disposiciones del Acuerdo de Escazú y la Ley 1757 de 2015 (Ley de Participación).","Sí - Avanzado":"Consoliden y documenten estas prácticas como referentes institucionales, promoviendo su sostenibilidad, evaluación continua y replicabilidad en otros contextos. Para ello, podrían sistematizar las experiencias implementadas, publicar buenas prácticas en medios institucionales y establecer una estrategia de mejora continua en diálogo con la ciudadanía, en coherencia con las obligaciones del Acuerdo de Escazú y la Ley 1757 de 2015 (Ley de Participación).","Sí - Intermedio":"Mejoren la implementación de los planes de participación, asegurando que los mecanismos establecidos sean accesibles, culturalmente apropiados y cuenten con rutas claras de seguimiento y retroalimentación. Esto puede lograrse mediante la aplicación de protocolos interculturales de consulta, la documentación de los aportes ciudadanos y la publicación de informes de cumplimiento de compromisos, fortaleciendo así la legitimidad del proceso conforme al Acuerdo de Escazú y la Ley 1757 de 2015 (Ley de Participación)."}$');
INSERT INTO "questions" ("id", "module_id", "question_text", "question_type", "order_index", "recommendations") VALUES (25, 3, '25. Informamos oportunamente a los grupos directamente afectados sobre su derecho a participar en los proyectos de impacto ambiental', 'statement', 25, '${"No":"¡ALERTA! Identifiquen las comunidades o actores locales afectados, Creen un plan con acciones concretas que garanticen la participación efectiva de las comunidades más afectadas por los impactos ambientales, asegurando canales de comunicación accesibles, tiempos adecuados y materiales pedagógicos adaptados.","No aplica":"¡ALERTA! Verifiquen que estén cumpliendo con su deber legal de garantizar el acceso a la información ambiental, especialmente aquella necesaria para que la ciudadanía participe de manera efectiva en los procesos de toma de decisiones. Este derecho está protegido por el artículo 74 de la Constitución Política de Colombia, el Acuerdo de Escazú y la Ley 1712 de 2014 (Ley de Transparencia). Pidan un concepto al área juridica para asegurar que en realidad esto no aplica a su entidad.","Sí - Básico":"Institucionalicen la práctica de la difusión de la información ambiental dirigida a la población directamente impactada por proyectos ambientales, asegurando que conozcan oportunamente sus derechos de participación. Para ello, identifiquen las comunidades o actores locales afectados y utilicen canales adecuados a su contexto (como emisoras comunitarias, reuniones en sitio, perifoneo o vocerías confiables) elaborando mensajes claros y culturalmente pertinentes. Esta acción da cumplimiento a los principios de equidad y transparencia del Acuerdo de Escazú y la Ley 1757 de 2015.","Sí - Avanzado":"Consoliden estos procesos en los territorios impactados, asegurando su sostenibilidad mediante la evaluación periódica de la efectividad de los medios utilizados. Pueden aplicar consultas comunitarias, usar mecanismos sencillos de retroalimentación o analizar el acceso a la información mediante estadísticas de consulta. Esta mejora continua fortalece una participación inclusiva, conforme al Acuerdo de Escazú y la Ley 1757 de 2015.","Sí - Intermedio":"Determinen la eficacia y eficiencia de los canales de comunicación con las poblaciones directamente impactadas, evaluando si reciben la información ambiental clara, comprensible y accesible con suficiente antelación. Fortalezcan los canales de comunicación que fueron eficientes y mejoren el nivel de comprensión de los grupos destinatarios, y definan un plazo mínimo de publicación previa a cada etapa de decisión. Esto garantiza una participación informada, tal como lo exige el Acuerdo de Escazú y la Ley 1757 de 2015."}$');
INSERT INTO "questions" ("id", "module_id", "question_text", "question_type", "order_index", "recommendations") VALUES (26, 3, '26. Tenemos una estrategia para asegurar que las observaciones de la ciudadanía sean consideradas y contribuyan en los procesos de toma de decisiones', 'statement', 26, '${"No":"¡ALERTA! Establezcan una estrategia básica para recopilar, organizar y considerar las observaciones ciudadanas dentro del proceso decisorio, con criterios mínimos de sistematización y participación efectiva. Como primer paso, pueden adaptar formatos sencillos, designar un equipo responsable y utilizar medios digitales y presenciales para ampliar el alcance.","No aplica":"¡ALERTA! Verifiquen que estén dando cumplimiento al deber constitucional de garantizar que la ciudadanía pueda involucrarse de manera efectiva, informada y oportuna en los procesos de toma de decisiones, tal como lo establece el artículo 2 de la Constitución Política. Pidan un concepto al área juridica para asegurar que en realidad esto no aplica a su entidad.","Sí - Básico":"Fortalezcan el proceso de recepción de observaciones incorporando mecanismos de trazabilidad interna que permitan registrar, clasificar y hacer seguimiento a cada uno de los aportes ciudadanos. Pueden apoyarse en formatos estándar, herramientas digitales o matrices que faciliten el seguimiento de las observaciones desde su recepción hasta su respuesta.","Sí - Avanzado":"Propongan nuevas prácticas que garanticen que las observaciones ciudadanas sean visibilizadas en las decisiones finales, explicando si fueron acogidas total o parcialmente, y por qué. Pueden incluir cuadros comparativos entre aportes y decisiones o secciones específicas en los informes finales que den cuenta de la influencia ciudadana, asegurando así un sistema accesible, evaluado de forma continua y transparente.","Sí - Intermedio":"Consoliden una estrategia institucional que asegure que todas las observaciones ciudadanas sean sistemáticamente documentadas, analizadas y respondidas en tiempos razonables. Para ello, pueden establecer un protocolo de atención, definir responsables y publicar los resultados de este análisis y reforzando la rendición de cuentas."}$');
INSERT INTO "questions" ("id", "module_id", "question_text", "question_type", "order_index", "recommendations") VALUES (31, 3, '31. Promovemos activamente el ejercicio del derecho al control social sobre la gestión ambiental', 'statement', 31, '${"No":"¡ALERTA! Elaboren e implementen un plan para fomentar el control social activo en la gestión ambiental, asegurando que la ciudadanía cuente con espacios formales y adecuados para monitorear y evaluar las decisiones que les afectan. Este plan podría incluir cronogramas participativos, acompañamiento técnico a los grupos ciudadanos y materiales divulgativos en formatos accesibles.","No aplica":"¡ALERTA! Revisen la normativa vigente sobre promoción de la participación en especial la Ley 1757 de 2015. Pidan un concepto al área juridica para asegurar que en realidad esto no aplica a su entidad.","Sí - Básico":"Implementen mecanismos claros que promuevan el ejercicio del control social en la gestión ambiental, asegurando el acceso efectivo a la información pública y la participación incidente de la ciudadanía. Para ello, establezcan espacios permanentes de seguimiento ciudadano, faciliten el uso de herramientas digitales de monitoreo y divulguen información en formatos comprensibles.","Sí - Avanzado":"Expandan las estrategias institucionales para el control social, promoviendo la participación activa y continua de la ciudadanía más allá de los espacios tradicionales de rendición de cuentas. Habiliten e impulsen figuras como veedurías ciudadanas, comités de desarrollo y control social, auditorías ciudadanas, juntas de vigilancia y otros mecanismos establecidos en los artículos 63 y 65 de la Ley 1757 de 2015, asegurando una participación plural, autónoma y sostenida en la vigilancia de la gestión ambiental.","Sí - Intermedio":"Fortalezcan los mecanismos de participación ciudadana orientados al control social ambiental, asegurando un acceso transparente, oportuno y abierto a la información ambiental. Generen informes periódicos de gestión, habiliten canales de retroalimentación ciudadana y publiquen respuestas a observaciones recibidas."}$');
INSERT INTO "questions" ("id", "module_id", "question_text", "question_type", "order_index", "recommendations") VALUES (27, 3, '27. Informamos oportunamente a la ciudadanía sobre la decisión ambiental final y los motivos que la sustentan', 'statement', 27, '${"No":"¡ALERTA! Inicien con una estructura sencilla, legalmente adecuada y comprensible para distintos públicos: Identifiquen la decisión a divulgar, extraigan los elementos clave para comunicar, usen un canal de publicación accesible para su territorio, acompañen la publicación con una breve explicación (por qué se tomó la decisión, qué criterios se usaron, evaluaciones, normas, cómo los ciudadanos pueden participar o aportar observaciones posteriores). Definan un responsable de actualización.","No aplica":"¡ALERTA! Revisen la normativa vigente sobre acceso a la información pública, con especial atención a la Ley 1712 de 2014 y, si aplica, a la Ley 2199 de 2022 para entidades de la Región Metropolitana Bogotá-Cundinamarca. Pidan un concepto al área juridica para asegurar que en realidad esto no aplica a su entidad.","Sí - Básico":"Mejoren la manera en que informan a la ciudadanía sobre las decisiones ambientales, pasando de una comunicación básica a una más clara, accesible y comprensible para distintos públicos. Para ello, convendría explicar no solo la decisión adoptada, sino también sus fundamentos técnicos, jurídicos y ambientales. Podrían utilizar recursos visuales (como infografías o videos cortos), lenguaje claro y canales de alto alcance (como redes sociales, emisoras comunitarias o carteleras físicas) que garanticen comprensión e inclusión.","Sí - Avanzado":"Elaboren una estrategia de comunicación multiformato que facilite la comprensión pública de las decisiones ambientales y sus fundamentos técnicos y normativos. La estrategia podría incluir recursos en audio, texto simplificado, interpretación en lengua de señas, y mecanismos de retroalimentación ciudadana como buzones físicos o formularios en línea. Evaluar periódicamente el impacto de esta estrategia también permitiría posicionar a la entidad como referente en transparencia y participación ambiental efectiva.","Sí - Intermedio":"Avancen hacia un nivel más sólido y estructurado de divulgación de decisiones ambientales, complementando la información básica con explicaciones técnicas y jurídicas que den cuenta del proceso de toma de decisiones. Se sugiere publicar versiones simplificadas de los actos administrativos, incorporar preguntas frecuentes sobre el tema y habilitar espacios de socialización pública."}$');
INSERT INTO "questions" ("id", "module_id", "question_text", "question_type", "order_index", "recommendations") VALUES (28, 3, '28. Facilitamos la participación de comunidades que hablen idiomas distintos al idioma oficial', 'statement', 28, '${"No":"¡ALERTA! Inicien con acciones básicas asegurando que la información ambiental se divulgue en formatos y lenguas adecuados para la población de su territorio. Como primer paso, pueden realizar un diagnóstico de accesibilidad, diseñar contenidos en formatos inclusivos y abrir canales de comunicación que permitan validar su comprensibilidad con representantes de las comunidades étnicas, culturales y personas con discapacidad.","No aplica":"¡ALERTA! Revisen la normativa vigente sobre acceso a la información pública, con especial atención los artículos 8 y 17 de la Ley 1712 de 2014 y del artículo 6.6 del Acuerdo de Escazú. Pidan un concepto al área juridica para asegurar que en realidad esto no aplica a su entidad.","Sí - Básico":"Fortalezcan la accesibilidad de la información pública ambiental asegurando el uso de formatos multilingües, alternativos y comprensibles. Para ello, se puede traducir los contenidos clave a lenguas indígenas o dialectos de los grupos étnicos que son oficiales en su territorio, implementar versiones en lectura fácil, audio y video, y adaptar los canales digitales y físicos para facilitar el acceso de personas con discapacidad, grupos étnicos y poblaciones rurales.","Sí - Avanzado":"Consoliden la estrategia institucional de accesibilidad mediante la divulgación proactiva y sistemática de información pública en formatos alternativos, integrando criterios de inclusión desde su planificación. Adopten un protocolo de accesibilidad digital, incluyan indicadores de evaluación del impacto, y articulen esta estrategia con el Programa de Gestión Documental y con las directrices del Plan Anticorrupción y de Atención al Ciudadano (PAAC).","Sí - Intermedio":"Aumenten los niveles de accesibilidad en los sistemas de información institucional, garantizando que los contenidos se divulguen en lenguas y formatos accesibles para toda la ciudadanía. Para su implementación, pueden priorizar el rediseño de los portales web con criterios WCAG, crear líneas telefónicas de atención inclusiva y establecer alianzas con organizaciones locales para distribuir la información."}$');
INSERT INTO "questions" ("id", "module_id", "question_text", "question_type", "order_index", "recommendations") VALUES (29, 3, '29. Tenemos criterios claros para determinar qué personas o comunidades están directamente afectados por un proyecto o decisión ambiental', 'statement', 29, '${"No":"¡ALERTA! Definan de manera clara, pública y participativa los criterios para identificar a las personas o comunidades directamente afectadas por decisiones ambientales. Pueden iniciar este proceso mediante mesas técnicas interinstitucionales y espacios comunitarios de construcción conjunta, que aseguren su pertinencia territorial. Esta definición permitirá promover una participación desde las etapas más tempranas del proceso asegurando equidad y transparencia en la toma de decisiones.","No aplica":"¡ALERTA! Revisen la normativa vigente sobre acceso a la información pública, con especial atención a la Ley 1712 de 2014 y la Ley 1757 de 2015. Pidan un concepto al área juridica para asegurar que en realidad esto no aplica a su entidad.","Sí - Básico":"Inicien la definición de criterios objetivos, públicos y participativos para identificar a las personas o comunidades directamente afectadas por decisiones ambientales. Para ello, pueden construir una matriz de variables territoriales, ambientales y sociales que sirva como base para esta identificación, articulándola con fuentes de información oficiales, consultas comunitarias y la revisión de antecedentes técnicos. Recuerden que esta acción debe acompañarse de mecanismos básicos de consulta y divulgación de información oportuna.","Sí - Avanzado":"Profundicen en la transparencia y trazabilidad del proceso de identificación de personas o comunidades directamente afectadas, asegurando la validación técnica y social de los criterios y resultados aplicados. Se sugiere publicar los mapas de actores afectados, informes de justificación técnica y registros de participación en etapas iniciales. Esto permitirá garantizar una participación informada, continua y con enfoque de derechos, fortaleciendo la confianza ciudadana en la gestión ambiental.","Sí - Intermedio":"Fortalezcan y sistematicen los criterios institucionales existentes para identificar población afectada, asegurando su aplicación coherente y con enfoque territorial y diferencial. Como parte de este proceso, pueden establecer protocolos que definan cómo aplicar los criterios en cada fase del ciclo de decisión ambiental, y asegurar que los grupos identificados reciban la información pública necesaria, de forma clara y anticipada."}$');
INSERT INTO "questions" ("id", "module_id", "question_text", "question_type", "order_index", "recommendations") VALUES (30, 3, '30. Proporcionamos y promovemos procedimientos administrativos y judiciales para que la ciudadanía pueda impugnar o recurrir en decisiones ambientales', 'statement', 30, '${"No":"¡ALERTA! Establezcan rutas jurídicas y administrativas claras que faciliten a la ciudadanía impugnar decisiones ambientales, asegurando su comprensión y aplicación desde las primeras etapas del proceso. Incluyan estas rutas en cartillas de participación ambiental, vinculenlas a las plataformas institucionales y garanticen su disponibilidad permanente.","No aplica":"¡ALERTA! Revisen la normativa vigente sobre acceso a la información pública, con especial atención a la Ley 1712 de 2014 y la Ley 1757 de 2015. Pidan un concepto al área juridica para asegurar que en realidad esto no aplica a su entidad.","Sí - Básico":"Adopten mecanismos institucionales que garanticen el acceso a procedimientos administrativos y judiciales efectivos para impugnar decisiones ambientales. Para ello, podrían diseñar un protocolo básico que incluya rutas claras de impugnación, formatos estandarizados, plazos definidos y orientación jurídica accesible, promoviendo que la ciudadanía conozca y ejerza sus derechos.","Sí - Avanzado":"Consoliden buenas prácticas institucionales que promuevan activamente el acceso a la justicia ambiental, como campañas de información, asesorías jurídicas gratuitas o acompañamientos comunitarios. Implementen un sistema de evaluación que mida el impacto de los recursos ejercidos y retroalimente las decisiones institucionales.","Sí - Intermedio":"Fortalezcan y visibilicen los procedimientos existentes para impugnar decisiones ambientales, asegurando que la ciudadanía sepa cómo acceder a ellos y comprenda sus derechos. Elaboren materiales pedagógicos en lenguaje claro, traduzcan los procedimientos a lenguas del territorio y ajusten canales digitales y físicos para eliminar barreras territoriales, digitales o jurídicas."}$');
INSERT INTO "questions" ("id", "module_id", "question_text", "question_type", "order_index", "recommendations") VALUES (32, 3, '32. Tenemos un canal formal exclusivo para recibir y atender solicitudes de información pública relacionadas con el control social ambiental', 'statement', 32, '${"No":"¡ALERTA! Establezcan un canal formal de participación ciudadana que permita el acceso a la información ambiental y la expresión de opiniones sobre decisiones ambientales. Este canal debe estar diseñado con criterios de accesibilidad y diversidad, y alineado con los principios de participación activa y transparencia de la Ley 1757 de 2015. Para su implementación, habiliten buzones físicos y formularios digitales accesibles, capaciten a los equipos de atención y garanticen un sistema de seguimiento y respuesta, que asegure un entorno propicio para el control social ambiental.","No aplica":"¡ALERTA! Revisen la normativa vigente sobre promoción de la participación en especial la Ley 1757 de 2015. Pidan un concepto al área juridica para asegurar que en realidad esto no aplica a su entidad.","Sí - Básico":"Fortalezcan el canal de participación existente, haciéndolo más visible y accesible para todos los grupos de interés, utilizando formatos comprensibles conforme. Instalen señalización clara en puntos de atención, mejoren la navegación en plataformas digitales e incluyan materiales en lenguas indígenas y lenguaje sencillo. Asimismo, aseguren que este canal se articule con los principios de inclusión y participación efectiva mediante la adopción de protocolos de atención y respuesta oportuna que promuevan un control social ambiental activo y robusto.","Sí - Avanzado":"Consoliden el canal formal de participación como parte integral de la estrategia institucional, garantizando su interoperabilidad con los sistemas de gestión documental y el cumplimiento de los criterios de accesibilidad establecidos en la Ley 1712 de 2014. Este canal debe reflejar los principios de participación efectiva de la Ley 1757 de 2015 y del Acuerdo de Escazú, mediante plataformas tecnológicas que permitan el seguimiento de solicitudes, la retroalimentación continua y la evaluación del impacto ciudadano sobre la gestión ambiental, fortaleciendo así la rendición de cuentas.","Sí - Intermedio":"Mejoren el canal formal de participación, garantizando su visibilidad y accesibilidad mediante una estrategia de difusión que incluya medios físicos y digitales. Este canal debe facilitar el ejercicio efectivo del control social ambiental, integrando herramientas de retroalimentación ciudadana que permitan recibir, analizar y responder a sus aportes."}$');
INSERT INTO "questions" ("id", "module_id", "question_text", "question_type", "order_index", "recommendations") VALUES (33, 3, '33. Diseñamos y ejecutamos la audiencia de rendición de cuentas de nuestra entidad con el objetivo de que ciudadanía de nuestro territorio evalúe nuestra gestión ambiental y los resultados de la toma de decisiones ambientales', 'statement', 33, '${"No":"¡ALERTA! Diseñen e implementen un proceso formal de rendición de cuentas que garantice que la ciudadanía pueda evaluar de manera clara y participativa la gestión ambiental de la entidad, conforme al Manual Único de Rendición de Cuentas. Este proceso debe prever medios accesibles y comprensibles para toda la población, incluyendo a los grupos más vulnerables, e integrar un sistema de retroalimentación efectivo que permita fortalecer la confianza institucional y orientar la toma de decisiones de manera más inclusiva y transparente.","No aplica":"¡ALERTA! La rendición de cuentas es obligatoria en Colombia para entidades públicas y privadas que manejen recursos públicos o presten servicios de interés público. Esta obligación está respaldada por la Constitución Política y la Ley 1757 de 2015, que promueve la participación ciudadana y el control social sobre la gestión pública. Identifiquen las causas que impiden su implementación y tomen medidas para superarlas.","Sí - Básico":"Establezcan, con base en el Manual Único de Rendición de Cuentas, el proceso de rendición de cuentas que permita a la ciudadanía evaluar de manera informada la gestión ambiental de la entidad. Estructuren la audiencia pública anual, con formatos accesibles, lenguaje claro y materiales previos de fácil consulta, asegurando además espacios efectivos de diálogo donde la comunidad pueda evaluar la gestión, formular preguntas y recibir respuestas pertinentes.","Sí - Avanzado":"Conviertan el proceso de rendición de cuentas como un espacio estratégico para la mejora de la gestión y los diálogos de rendición de cuentas como espacios para la toma de decisiones con la ciudadanía. Implementen tecnologías accesibles (como transmisiones en línea con interacción en tiempo real, reuniones presenciales), asegúrense de que los informes presentados al público estén en lenguaje ciudadano y desarrollen herramientas básicas de análisis de datos para evaluar los aportes ciudadanos y traducirlos en mejoras concretas, ajustadas a las capacidades de su entidad.","Sí - Intermedio":"Formalicen y estructuren diálogos de rendición de cuentas para planes, programas y proyectos ambientales, garantizando la participación activa y el acceso a la información en formatos comprensibles e inclusivos. Diseñen guías, herramientas de accesibilidad (como intérpretes o documentos en braille), y un mecanismo de retroalimentación ciudadana que alimente la mejora continua de la gestión ambiental."}$');
INSERT INTO "questions" ("id", "module_id", "question_text", "question_type", "order_index", "recommendations") VALUES (34, 3, '34. En nuestra entidad se ha usado la información de la evaluación ciudadana de la rendición de cuentas para la mejora de nuestra gestión ambiental', 'statement', 34, '${"No":"¡ALERTA! Implementen de forma inmediata un mecanismo institucional que recoja, procese y utilice la retroalimentación ciudadana derivada de las audiencias o informes de rendición de cuentas, como insumo clave para fortalecer la gestión ambiental. Para ello, podrían desarrollar formatos breves de encuesta, sesiones de diálogo posterior o buzones accesibles en línea.","No aplica":"¡ALERTA! La rendición de cuentas es obligatoria en Colombia para entidades públicas y privadas que manejen recursos públicos o presten servicios de interés público. Esta obligación está respaldada por la Constitución Política y la Ley 1757 de 2015, que promueve la participación ciudadana y el control social sobre la gestión pública. Identifiquen las causas que impiden su implementación y tomen medidas para superarlas.","Sí - Básico":"Utilicen la información proveniente de la evaluación ciudadana realizada durante la rendición de cuentas para identificar áreas de mejora en la gestión ambiental, asegurando su incorporación en los procesos de planeación y ajuste de políticas públicas. Estructuren un sistema sencillo que recopile, clasifique y organice los aportes recibidos, utilizando herramientas como formularios físicos o digitales accesibles.","Sí - Avanzado":"Integren un sistema formal y continuo para analizar, priorizar y aplicar la retroalimentación ciudadana recibida durante el proceso de rendición de cuentas, garantizando que los ajustes en las políticas ambientales se basen en evidencia socialmente construida. Implementen matrices de seguimiento, herramientas digitales de análisis y boletines de avances. Esta acción aseguraría la mejora continua y el retorno público de información, conforme a los principios de transparencia, participación efectiva y justicia ambiental.","Sí - Intermedio":"Formalicen el proceso de mejoramiento de la gestión con base en la evaluación ciudadana en la rendición de cuentas, estableciendo mecanismos claros y verificables para incorporar las observaciones en la planificación y ejecución de las acciones ambientales. Creen actas de sistematización de aportes, definan responsables de seguimiento y establezcan plazos para responder públicamente sobre los cambios implementados."}$');
INSERT INTO "questions" ("id", "module_id", "question_text", "question_type", "order_index", "recommendations") VALUES (35, 3, '35. En nuestra entidad se diseñan diálogos de rendición de cuentas para la toma de decisiones ambientales', 'statement', 35, '${"No":"¡ALERTA! Inicien el diseño de espacios de diálogo para la rendición de cuentas, asegurando que sean estructurados con criterios de accesibilidad, diversidad e incidencia en la gestión ambiental. Como primer paso, se podría elaborar un protocolo básico de diálogo que contemple convocatorias amplias, presentación clara de resultados, mecanismos de retroalimentación y sistematización de aportes, promoviendo así una participación ciudadana sustantiva y transformadora.","No aplica":"¡ALERTA! Los diálogos de rendición de cuentas son cruciales porque permiten a los ciudadanos ejercer control sobre las acciones y decisiones de las entidades públicas, promoviendo la transparencia y la participación ciudadana. Estos espacios facilitan la explicación y justificación de la gestión pública, fomentando la confianza y el compromiso cívico. Pidan un concepto al área juridica para asegurar que en realidad esto no aplica a su entidad.","Sí - Básico":"Fortalezcan los diálogos de rendición de cuentas, asegurando que sean accesibles, inclusivos, diversifique los canales de participación, utilice formatos comprensibles y garantice que la ciudadanía conozca cómo sus aportes inciden en las decisiones ambientales. Esta práctica permitiría avanzar hacia procesos de deliberación más sustantivos y orientados a la mejora continua de la gestión pública.","Sí - Avanzado":"Optimicen los diálogos de rendición de cuentas mediante una estrategia integral que combine el uso de tecnologías inclusivas, espacios presenciales en el territorio y mecanismos de retroalimentación continua. Habiliten transmisiones en línea con accesibilidad lingüística y sensorial, generen informes de respuestas ciudadanas y establezcan rutinas de seguimiento.","Sí - Intermedio":"Fortalezcan los diálogos de rendición de cuentas asegurando su accesibilidad, utilidad y alineación con la Ley 1712 de 2014, el Acuerdo de Escazú y la Ley 1757 de 2015. Sistematizen los aportes ciudadanos, asignen responsables para su análisis y aseguren que los resultados sean divulgados y usados en la toma de decisiones ambientales, promoviendo una participación efectiva, verificable y una gestión más transparente."}$');
INSERT INTO "questions" ("id", "module_id", "question_text", "question_type", "order_index", "recommendations") VALUES (39, 4, '39. ¿Se han implementado protocolos, indicadores o acciones específicas para identificar y reducir las barreras que enfrentan las mujeres y poblaciones con enfoque diferencial (edad, etnia, discapacidad, orientación sexual) en los procesos de licenciamiento, consultas y participación ambiental?', 'open', 39, '${}$');
INSERT INTO "questions" ("id", "module_id", "question_text", "question_type", "order_index", "recommendations") VALUES (36, 4, '36. Describan las principales fortalezas de nuestra entidad en materia de transparencia, participación y evaluación ambiental', 'open', 36, '${"general":"Sistematicen y documenten las fortalezas identificadas como buenas prácticas institucionales"}$');
INSERT INTO "questions" ("id", "module_id", "question_text", "question_type", "order_index", "recommendations") VALUES (37, 4, '37. Identifiquen los principales retos y oportunidades de mejora en la implementación de los derechos de acceso en asuntos ambientales', 'open', 37, '${"general":"Elaboren un plan de mejoramiento institucional integral basado en los retos identificados"}$');
INSERT INTO "questions" ("id", "module_id", "question_text", "question_type", "order_index", "recommendations") VALUES (38, 4, '38. ¿Los mecanismos de participación ambiental que promueve la entidad aseguran la inclusión activa de mujeres y diversidades de género, en condiciones de equidad frente a la toma de decisiones y el acceso a la información ambiental?', 'open', 38, '${}$');

-- Tabla: response_options
INSERT INTO "response_options" ("id", "option_text", "points", "excludes_from_calculation") VALUES (101, 'Sí - Básico', 1, FALSE);
INSERT INTO "response_options" ("id", "option_text", "points", "excludes_from_calculation") VALUES (102, 'Sí - Intermedio', 2, FALSE);
INSERT INTO "response_options" ("id", "option_text", "points", "excludes_from_calculation") VALUES (103, 'Sí - Avanzado', 3, FALSE);
INSERT INTO "response_options" ("id", "option_text", "points", "excludes_from_calculation") VALUES (104, 'No', 0, FALSE);
INSERT INTO "response_options" ("id", "option_text", "points", "excludes_from_calculation") VALUES (105, 'No aplica', 0, TRUE);
INSERT INTO "response_options" ("id", "option_text", "points", "excludes_from_calculation") VALUES (1, 'Sí - Básico', 1, FALSE);
INSERT INTO "response_options" ("id", "option_text", "points", "excludes_from_calculation") VALUES (2, 'Sí - Intermedio', 2, FALSE);
INSERT INTO "response_options" ("id", "option_text", "points", "excludes_from_calculation") VALUES (3, 'Sí - Avanzado', 3, FALSE);
INSERT INTO "response_options" ("id", "option_text", "points", "excludes_from_calculation") VALUES (4, 'No', 0, FALSE);
INSERT INTO "response_options" ("id", "option_text", "points", "excludes_from_calculation") VALUES (5, 'No aplica', 0, TRUE);

-- Tabla: users
INSERT INTO "users" ("id", "name", "contact", "entity", "municipality", "created_at") VALUES (1, 'DIEGO MAURICIO PARDO', '3214900547 / sistemas@encoexpres.com.co', 'fdfd fjsdljsdl kj', 'sdfs fsdf s d', '2025-05-30T07:52:39.339Z');
INSERT INTO "users" ("id", "name", "contact", "entity", "municipality", "created_at") VALUES (2, 'DIEGO MAURICIO PARDO', '3214900547 / sistemas@encoexpres.com.co', 'ddd', 'sdfs fsdf s d', '2025-05-30T07:55:42.495Z');
INSERT INTO "users" ("id", "name", "contact", "entity", "municipality", "created_at") VALUES (3, 'DIEGO MAURICIO PARDO', '3214900547 / sistemas@encoexpres.com.co', 'ss', 'sdfs fsdf s d', '2025-05-30T07:56:15.259Z');
INSERT INTO "users" ("id", "name", "contact", "entity", "municipality", "created_at") VALUES (4, 'DIEGO MAURICIO PARDO CABRERA', '3138325154 / dimao1@gmail.com', 'sddssfd', 'BOGOTÁ D.C.', '2025-11-11T19:58:21.416Z');
INSERT INTO "users" ("id", "name", "contact", "entity", "municipality", "created_at") VALUES (5, 'DIEGO MAURICIO PARDO CABRERA', '3138325154 / dimao1@gmail.com', 'sddssfd', 'BOGOTÁ D.C.', '2025-11-11T20:29:50.357Z');
INSERT INTO "users" ("id", "name", "contact", "entity", "municipality", "created_at") VALUES (6, 'DIEGO MAURICIO PARDO CABRERA', '3138325154 / dimao1@gmail.com', 'sddssfd', 'BOGOTÁ D.C.', '2025-11-11T22:22:21.143Z');
INSERT INTO "users" ("id", "name", "contact", "entity", "municipality", "created_at") VALUES (7, 'DIEGO MAURICIO PARDO CABRERA', '3138325154 / dimao1@gmail.com', 'sddssfd', 'BOGOTÁ D.C.', '2025-11-12T01:28:36.508Z');
INSERT INTO "users" ("id", "name", "contact", "entity", "municipality", "created_at") VALUES (8, 'DIEGO MAURICIO PARDO CABRERA', '3138325154 / dimao1@gmail.com', 's', 'BOGOTÁ D.C.', '2025-11-12T01:45:25.759Z');
INSERT INTO "users" ("id", "name", "contact", "entity", "municipality", "created_at") VALUES (9, 'DIEGO MAURICIO PARDO CABRERA', '3138325154 / dimao1@gmail.com', 's', 'BOGOTÁ D.C.', '2025-11-12T01:51:35.785Z');
INSERT INTO "users" ("id", "name", "contact", "entity", "municipality", "created_at") VALUES (10, 'DIEGO MAURICIO PARDO CABRERA', '3138325154 / dimao1@gmail.com', 's', 'BOGOTÁ D.C.', '2025-11-12T02:15:06.255Z');
INSERT INTO "users" ("id", "name", "contact", "entity", "municipality", "created_at") VALUES (11, 'DIEGO MAURICIO PARDO CABRERA', '3138325154 / dimao1@gmail.com', 's', 'BOGOTÁ D.C.', '2025-11-12T03:13:19.513Z');
INSERT INTO "users" ("id", "name", "contact", "entity", "municipality", "created_at") VALUES (12, 'DIEGO MAURICIO PARDO CABRERA', '3138325154 / dimao1@gmail.com', 'sddssfd', 'BOGOTÁ D.C.', '2025-11-12T03:41:24.347Z');
INSERT INTO "users" ("id", "name", "contact", "entity", "municipality", "created_at") VALUES (13, 'DIEGO MAURICIO PARDO CABRERA', '3138325154 / dimao1@gmail.com', 'sddssfd', 'BOGOTÁ D.C.', '2025-11-12T04:02:17.666Z');
INSERT INTO "users" ("id", "name", "contact", "entity", "municipality", "created_at") VALUES (14, 'DIEGO MAURICIO PARDO CABRERA', '3138325154 / dimao1@gmail.com', 'sddssfd', 'BOGOTÁ D.C.', '2025-11-12T04:20:21.560Z');
INSERT INTO "users" ("id", "name", "contact", "entity", "municipality", "created_at") VALUES (15, 'DIEGO MAURICIO PARDO CABRERA', '3138325154 / dimao1@gmail.com', 'sddssfd', 'BOGOTÁ D.C.', '2025-11-14T06:29:44.157Z');

-- Tabla: assessments
INSERT INTO "assessments" ("id", "user_id", "total_score", "max_possible_score", "percentage", "classification", "completed_at") VALUES (1, 4, 93, 105, 88.57, 'Bien encaminado', '2025-11-11T19:58:21.482Z');
INSERT INTO "assessments" ("id", "user_id", "total_score", "max_possible_score", "percentage", "classification", "completed_at") VALUES (2, 5, 96, 105, 91.43, 'Bien encaminado', '2025-11-11T20:29:50.419Z');
INSERT INTO "assessments" ("id", "user_id", "total_score", "max_possible_score", "percentage", "classification", "completed_at") VALUES (3, 6, 103, 105, 98.1, 'Bien encaminado', '2025-11-11T22:22:21.194Z');
INSERT INTO "assessments" ("id", "user_id", "total_score", "max_possible_score", "percentage", "classification", "completed_at") VALUES (4, 7, 94, 105, 89.52, 'Bien encaminado', '2025-11-12T01:28:36.576Z');
INSERT INTO "assessments" ("id", "user_id", "total_score", "max_possible_score", "percentage", "classification", "completed_at") VALUES (5, 8, 87, 105, 82.86, 'Bien encaminado', '2025-11-12T01:45:25.771Z');
INSERT INTO "assessments" ("id", "user_id", "total_score", "max_possible_score", "percentage", "classification", "completed_at") VALUES (6, 9, 70, 105, 66.67, 'En proceso', '2025-11-12T01:51:35.847Z');
INSERT INTO "assessments" ("id", "user_id", "total_score", "max_possible_score", "percentage", "classification", "completed_at") VALUES (7, 10, 85, 105, 80.95, 'Bien encaminado', '2025-11-12T02:15:06.342Z');
INSERT INTO "assessments" ("id", "user_id", "total_score", "max_possible_score", "percentage", "classification", "completed_at") VALUES (8, 11, 97, 105, 92.38, 'Bien encaminado', '2025-11-12T03:13:19.586Z');
INSERT INTO "assessments" ("id", "user_id", "total_score", "max_possible_score", "percentage", "classification", "completed_at") VALUES (9, 12, 83, 105, 79.05, 'Bien encaminado', '2025-11-12T03:41:24.421Z');
INSERT INTO "assessments" ("id", "user_id", "total_score", "max_possible_score", "percentage", "classification", "completed_at") VALUES (10, 13, 77, 105, 73.33, 'Bien encaminado', '2025-11-12T04:02:17.735Z');
INSERT INTO "assessments" ("id", "user_id", "total_score", "max_possible_score", "percentage", "classification", "completed_at") VALUES (11, 14, 100, 105, 95.24, 'Bien encaminado', '2025-11-12T04:20:21.631Z');
INSERT INTO "assessments" ("id", "user_id", "total_score", "max_possible_score", "percentage", "classification", "completed_at") VALUES (12, 15, 51, 105, 48.57, 'Punto de partida', '2025-11-14T06:29:44.216Z');

-- Tabla: responses
INSERT INTO "responses" ("id", "user_id", "question_id", "response_option_id", "created_at", "response_text") VALUES (12, 5, 1, 1, '2025-11-11T23:29:13.005Z', NULL);
INSERT INTO "responses" ("id", "user_id", "question_id", "response_option_id", "created_at", "response_text") VALUES (13, 5, 11, 3, '2025-11-11T23:29:13.005Z', NULL);
INSERT INTO "responses" ("id", "user_id", "question_id", "response_option_id", "created_at", "response_text") VALUES (14, 5, 12, 3, '2025-11-11T23:29:13.005Z', NULL);
INSERT INTO "responses" ("id", "user_id", "question_id", "response_option_id", "created_at", "response_text") VALUES (15, 5, 13, 3, '2025-11-11T23:29:13.005Z', NULL);
INSERT INTO "responses" ("id", "user_id", "question_id", "response_option_id", "created_at", "response_text") VALUES (16, 5, 14, 3, '2025-11-11T23:29:13.005Z', NULL);
INSERT INTO "responses" ("id", "user_id", "question_id", "response_option_id", "created_at", "response_text") VALUES (17, 5, 3, 2, '2025-11-11T23:29:13.005Z', NULL);
INSERT INTO "responses" ("id", "user_id", "question_id", "response_option_id", "created_at", "response_text") VALUES (19, 5, 15, 3, '2025-11-11T23:29:13.005Z', NULL);
INSERT INTO "responses" ("id", "user_id", "question_id", "response_option_id", "created_at", "response_text") VALUES (20, 5, 8, 3, '2025-11-11T23:29:13.005Z', NULL);
INSERT INTO "responses" ("id", "user_id", "question_id", "response_option_id", "created_at", "response_text") VALUES (18, 5, 10, 3, '2025-11-11T23:29:13.005Z', NULL);
INSERT INTO "responses" ("id", "user_id", "question_id", "response_option_id", "created_at", "response_text") VALUES (22, 5, 16, 3, '2025-11-11T23:29:13.005Z', NULL);
INSERT INTO "responses" ("id", "user_id", "question_id", "response_option_id", "created_at", "response_text") VALUES (23, 5, 5, 3, '2025-11-11T23:29:13.005Z', NULL);
INSERT INTO "responses" ("id", "user_id", "question_id", "response_option_id", "created_at", "response_text") VALUES (24, 5, 4, 2, '2025-11-11T23:29:13.005Z', NULL);
INSERT INTO "responses" ("id", "user_id", "question_id", "response_option_id", "created_at", "response_text") VALUES (25, 5, 17, 2, '2025-11-11T23:29:13.005Z', NULL);
INSERT INTO "responses" ("id", "user_id", "question_id", "response_option_id", "created_at", "response_text") VALUES (26, 5, 9, 3, '2025-11-11T23:29:13.005Z', NULL);
INSERT INTO "responses" ("id", "user_id", "question_id", "response_option_id", "created_at", "response_text") VALUES (27, 5, 18, 2, '2025-11-11T23:29:13.005Z', NULL);
INSERT INTO "responses" ("id", "user_id", "question_id", "response_option_id", "created_at", "response_text") VALUES (29, 5, 6, 3, '2025-11-11T23:29:13.005Z', NULL);
INSERT INTO "responses" ("id", "user_id", "question_id", "response_option_id", "created_at", "response_text") VALUES (30, 5, 19, 3, '2025-11-11T23:29:13.005Z', NULL);
INSERT INTO "responses" ("id", "user_id", "question_id", "response_option_id", "created_at", "response_text") VALUES (31, 5, 20, 2, '2025-11-11T23:29:13.005Z', NULL);
INSERT INTO "responses" ("id", "user_id", "question_id", "response_option_id", "created_at", "response_text") VALUES (21, 5, 2, 3, '2025-11-11T23:29:13.005Z', NULL);
INSERT INTO "responses" ("id", "user_id", "question_id", "response_option_id", "created_at", "response_text") VALUES (32, 5, 21, 3, '2025-11-11T23:29:13.005Z', NULL);
INSERT INTO "responses" ("id", "user_id", "question_id", "response_option_id", "created_at", "response_text") VALUES (33, 5, 23, 3, '2025-11-11T23:29:13.005Z', NULL);
INSERT INTO "responses" ("id", "user_id", "question_id", "response_option_id", "created_at", "response_text") VALUES (34, 5, 22, 3, '2025-11-11T23:29:13.005Z', NULL);
INSERT INTO "responses" ("id", "user_id", "question_id", "response_option_id", "created_at", "response_text") VALUES (35, 5, 25, 3, '2025-11-11T23:29:13.005Z', NULL);
INSERT INTO "responses" ("id", "user_id", "question_id", "response_option_id", "created_at", "response_text") VALUES (28, 5, 7, 2, '2025-11-11T23:29:13.005Z', NULL);
INSERT INTO "responses" ("id", "user_id", "question_id", "response_option_id", "created_at", "response_text") VALUES (37, 5, 26, 3, '2025-11-11T23:29:13.005Z', NULL);
INSERT INTO "responses" ("id", "user_id", "question_id", "response_option_id", "created_at", "response_text") VALUES (38, 5, 29, 3, '2025-11-11T23:29:13.005Z', NULL);
INSERT INTO "responses" ("id", "user_id", "question_id", "response_option_id", "created_at", "response_text") VALUES (39, 5, 28, 3, '2025-11-11T23:29:13.005Z', NULL);
INSERT INTO "responses" ("id", "user_id", "question_id", "response_option_id", "created_at", "response_text") VALUES (40, 5, 27, 3, '2025-11-11T23:29:13.005Z', NULL);
INSERT INTO "responses" ("id", "user_id", "question_id", "response_option_id", "created_at", "response_text") VALUES (41, 5, 30, 3, '2025-11-11T23:29:13.005Z', NULL);
INSERT INTO "responses" ("id", "user_id", "question_id", "response_option_id", "created_at", "response_text") VALUES (42, 5, 31, 3, '2025-11-11T23:29:13.005Z', NULL);
INSERT INTO "responses" ("id", "user_id", "question_id", "response_option_id", "created_at", "response_text") VALUES (43, 5, 34, 3, '2025-11-11T23:29:13.005Z', NULL);
INSERT INTO "responses" ("id", "user_id", "question_id", "response_option_id", "created_at", "response_text") VALUES (44, 5, 33, 2, '2025-11-11T23:29:13.005Z', NULL);
INSERT INTO "responses" ("id", "user_id", "question_id", "response_option_id", "created_at", "response_text") VALUES (45, 5, 35, 3, '2025-11-11T23:29:13.005Z', NULL);
INSERT INTO "responses" ("id", "user_id", "question_id", "response_option_id", "created_at", "response_text") VALUES (46, 5, 36, NULL, '2025-11-11T23:29:13.005Z', NULL);
INSERT INTO "responses" ("id", "user_id", "question_id", "response_option_id", "created_at", "response_text") VALUES (48, 5, 38, NULL, '2025-11-11T23:29:13.005Z', NULL);
INSERT INTO "responses" ("id", "user_id", "question_id", "response_option_id", "created_at", "response_text") VALUES (36, 5, 24, 3, '2025-11-11T23:29:13.005Z', NULL);
INSERT INTO "responses" ("id", "user_id", "question_id", "response_option_id", "created_at", "response_text") VALUES (49, 5, 39, NULL, '2025-11-11T23:29:13.005Z', NULL);
INSERT INTO "responses" ("id", "user_id", "question_id", "response_option_id", "created_at", "response_text") VALUES (50, 5, 37, NULL, '2025-11-11T23:29:13.005Z', NULL);
INSERT INTO "responses" ("id", "user_id", "question_id", "response_option_id", "created_at", "response_text") VALUES (47, 5, 32, 3, '2025-11-11T23:29:13.005Z', NULL);
INSERT INTO "responses" ("id", "user_id", "question_id", "response_option_id", "created_at", "response_text") VALUES (51, 6, 1, 3, '2025-11-11T23:29:13.005Z', NULL);
INSERT INTO "responses" ("id", "user_id", "question_id", "response_option_id", "created_at", "response_text") VALUES (52, 6, 11, 3, '2025-11-11T23:29:13.005Z', NULL);
INSERT INTO "responses" ("id", "user_id", "question_id", "response_option_id", "created_at", "response_text") VALUES (53, 6, 12, 3, '2025-11-11T23:29:13.005Z', NULL);
INSERT INTO "responses" ("id", "user_id", "question_id", "response_option_id", "created_at", "response_text") VALUES (54, 6, 13, 3, '2025-11-11T23:29:13.005Z', NULL);
INSERT INTO "responses" ("id", "user_id", "question_id", "response_option_id", "created_at", "response_text") VALUES (55, 6, 14, 3, '2025-11-11T23:29:13.005Z', NULL);
INSERT INTO "responses" ("id", "user_id", "question_id", "response_option_id", "created_at", "response_text") VALUES (56, 6, 15, 3, '2025-11-11T23:29:13.005Z', NULL);
INSERT INTO "responses" ("id", "user_id", "question_id", "response_option_id", "created_at", "response_text") VALUES (57, 6, 7, 3, '2025-11-11T23:29:13.005Z', NULL);
INSERT INTO "responses" ("id", "user_id", "question_id", "response_option_id", "created_at", "response_text") VALUES (58, 6, 8, 3, '2025-11-11T23:29:13.005Z', NULL);
INSERT INTO "responses" ("id", "user_id", "question_id", "response_option_id", "created_at", "response_text") VALUES (59, 6, 4, 2, '2025-11-11T23:29:13.005Z', NULL);
INSERT INTO "responses" ("id", "user_id", "question_id", "response_option_id", "created_at", "response_text") VALUES (60, 6, 5, 3, '2025-11-11T23:29:13.005Z', NULL);
INSERT INTO "responses" ("id", "user_id", "question_id", "response_option_id", "created_at", "response_text") VALUES (63, 6, 16, 3, '2025-11-11T23:29:13.005Z', NULL);
INSERT INTO "responses" ("id", "user_id", "question_id", "response_option_id", "created_at", "response_text") VALUES (64, 6, 17, 3, '2025-11-11T23:29:13.005Z', NULL);
INSERT INTO "responses" ("id", "user_id", "question_id", "response_option_id", "created_at", "response_text") VALUES (61, 6, 10, 3, '2025-11-11T23:29:13.005Z', NULL);
INSERT INTO "responses" ("id", "user_id", "question_id", "response_option_id", "created_at", "response_text") VALUES (65, 6, 2, 3, '2025-11-11T23:29:13.005Z', NULL);
INSERT INTO "responses" ("id", "user_id", "question_id", "response_option_id", "created_at", "response_text") VALUES (66, 6, 3, 3, '2025-11-11T23:29:13.005Z', NULL);
INSERT INTO "responses" ("id", "user_id", "question_id", "response_option_id", "created_at", "response_text") VALUES (62, 6, 9, 3, '2025-11-11T23:29:13.005Z', NULL);
INSERT INTO "responses" ("id", "user_id", "question_id", "response_option_id", "created_at", "response_text") VALUES (68, 6, 19, 3, '2025-11-11T23:29:13.005Z', NULL);
INSERT INTO "responses" ("id", "user_id", "question_id", "response_option_id", "created_at", "response_text") VALUES (69, 6, 6, 3, '2025-11-11T23:29:13.005Z', NULL);
INSERT INTO "responses" ("id", "user_id", "question_id", "response_option_id", "created_at", "response_text") VALUES (70, 6, 21, 3, '2025-11-11T23:29:13.005Z', NULL);
INSERT INTO "responses" ("id", "user_id", "question_id", "response_option_id", "created_at", "response_text") VALUES (71, 6, 22, 3, '2025-11-11T23:29:13.005Z', NULL);
INSERT INTO "responses" ("id", "user_id", "question_id", "response_option_id", "created_at", "response_text") VALUES (72, 6, 23, 3, '2025-11-11T23:29:13.005Z', NULL);
INSERT INTO "responses" ("id", "user_id", "question_id", "response_option_id", "created_at", "response_text") VALUES (73, 6, 24, 3, '2025-11-11T23:29:13.005Z', NULL);
INSERT INTO "responses" ("id", "user_id", "question_id", "response_option_id", "created_at", "response_text") VALUES (74, 6, 25, 3, '2025-11-11T23:29:13.005Z', NULL);
INSERT INTO "responses" ("id", "user_id", "question_id", "response_option_id", "created_at", "response_text") VALUES (67, 6, 18, 3, '2025-11-11T23:29:13.005Z', NULL);
INSERT INTO "responses" ("id", "user_id", "question_id", "response_option_id", "created_at", "response_text") VALUES (76, 6, 27, 3, '2025-11-11T23:29:13.005Z', NULL);
INSERT INTO "responses" ("id", "user_id", "question_id", "response_option_id", "created_at", "response_text") VALUES (77, 6, 30, 3, '2025-11-11T23:29:13.005Z', NULL);
INSERT INTO "responses" ("id", "user_id", "question_id", "response_option_id", "created_at", "response_text") VALUES (78, 6, 28, 3, '2025-11-11T23:29:13.005Z', NULL);
INSERT INTO "responses" ("id", "user_id", "question_id", "response_option_id", "created_at", "response_text") VALUES (79, 6, 29, 3, '2025-11-11T23:29:13.005Z', NULL);
INSERT INTO "responses" ("id", "user_id", "question_id", "response_option_id", "created_at", "response_text") VALUES (81, 6, 32, 3, '2025-11-11T23:29:13.005Z', NULL);
INSERT INTO "responses" ("id", "user_id", "question_id", "response_option_id", "created_at", "response_text") VALUES (82, 6, 34, 3, '2025-11-11T23:29:13.005Z', NULL);
INSERT INTO "responses" ("id", "user_id", "question_id", "response_option_id", "created_at", "response_text") VALUES (83, 6, 33, 2, '2025-11-11T23:29:13.005Z', NULL);
INSERT INTO "responses" ("id", "user_id", "question_id", "response_option_id", "created_at", "response_text") VALUES (84, 6, 35, 3, '2025-11-11T23:29:13.005Z', NULL);
INSERT INTO "responses" ("id", "user_id", "question_id", "response_option_id", "created_at", "response_text") VALUES (75, 6, 20, 3, '2025-11-11T23:29:13.005Z', NULL);
INSERT INTO "responses" ("id", "user_id", "question_id", "response_option_id", "created_at", "response_text") VALUES (87, 6, 38, NULL, '2025-11-11T23:29:13.005Z', NULL);
INSERT INTO "responses" ("id", "user_id", "question_id", "response_option_id", "created_at", "response_text") VALUES (88, 6, 37, NULL, '2025-11-11T23:29:13.005Z', NULL);
INSERT INTO "responses" ("id", "user_id", "question_id", "response_option_id", "created_at", "response_text") VALUES (80, 6, 26, 3, '2025-11-11T23:29:13.005Z', NULL);
INSERT INTO "responses" ("id", "user_id", "question_id", "response_option_id", "created_at", "response_text") VALUES (89, 6, 39, NULL, '2025-11-11T23:29:13.005Z', NULL);
INSERT INTO "responses" ("id", "user_id", "question_id", "response_option_id", "created_at", "response_text") VALUES (85, 6, 31, 3, '2025-11-11T23:29:13.005Z', NULL);
INSERT INTO "responses" ("id", "user_id", "question_id", "response_option_id", "created_at", "response_text") VALUES (86, 6, 36, NULL, '2025-11-11T23:29:13.005Z', NULL);
INSERT INTO "responses" ("id", "user_id", "question_id", "response_option_id", "created_at", "response_text") VALUES (90, 7, 1, 1, '2025-11-12T01:28:36.586Z', NULL);
INSERT INTO "responses" ("id", "user_id", "question_id", "response_option_id", "created_at", "response_text") VALUES (91, 7, 2, 2, '2025-11-12T01:28:36.586Z', NULL);
INSERT INTO "responses" ("id", "user_id", "question_id", "response_option_id", "created_at", "response_text") VALUES (92, 7, 3, 2, '2025-11-12T01:28:36.586Z', NULL);
INSERT INTO "responses" ("id", "user_id", "question_id", "response_option_id", "created_at", "response_text") VALUES (93, 7, 4, 3, '2025-11-12T01:28:36.586Z', NULL);
INSERT INTO "responses" ("id", "user_id", "question_id", "response_option_id", "created_at", "response_text") VALUES (94, 7, 5, 3, '2025-11-12T01:28:36.586Z', NULL);
INSERT INTO "responses" ("id", "user_id", "question_id", "response_option_id", "created_at", "response_text") VALUES (95, 7, 6, 3, '2025-11-12T01:28:36.586Z', NULL);
INSERT INTO "responses" ("id", "user_id", "question_id", "response_option_id", "created_at", "response_text") VALUES (96, 7, 7, 3, '2025-11-12T01:28:36.586Z', NULL);
INSERT INTO "responses" ("id", "user_id", "question_id", "response_option_id", "created_at", "response_text") VALUES (97, 7, 8, 3, '2025-11-12T01:28:36.586Z', NULL);
INSERT INTO "responses" ("id", "user_id", "question_id", "response_option_id", "created_at", "response_text") VALUES (98, 7, 9, 3, '2025-11-12T01:28:36.586Z', NULL);
INSERT INTO "responses" ("id", "user_id", "question_id", "response_option_id", "created_at", "response_text") VALUES (99, 7, 10, 3, '2025-11-12T01:28:36.586Z', NULL);
INSERT INTO "responses" ("id", "user_id", "question_id", "response_option_id", "created_at", "response_text") VALUES (100, 7, 11, 3, '2025-11-12T01:28:36.586Z', NULL);
INSERT INTO "responses" ("id", "user_id", "question_id", "response_option_id", "created_at", "response_text") VALUES (101, 7, 12, 2, '2025-11-12T01:28:36.586Z', NULL);
INSERT INTO "responses" ("id", "user_id", "question_id", "response_option_id", "created_at", "response_text") VALUES (102, 7, 13, 2, '2025-11-12T01:28:36.586Z', NULL);
INSERT INTO "responses" ("id", "user_id", "question_id", "response_option_id", "created_at", "response_text") VALUES (103, 7, 14, 2, '2025-11-12T01:28:36.586Z', NULL);
INSERT INTO "responses" ("id", "user_id", "question_id", "response_option_id", "created_at", "response_text") VALUES (104, 7, 15, 3, '2025-11-12T01:28:36.586Z', NULL);
INSERT INTO "responses" ("id", "user_id", "question_id", "response_option_id", "created_at", "response_text") VALUES (105, 7, 16, 3, '2025-11-12T01:28:36.586Z', NULL);
INSERT INTO "responses" ("id", "user_id", "question_id", "response_option_id", "created_at", "response_text") VALUES (106, 7, 17, 3, '2025-11-12T01:28:36.586Z', NULL);
INSERT INTO "responses" ("id", "user_id", "question_id", "response_option_id", "created_at", "response_text") VALUES (107, 7, 18, 3, '2025-11-12T01:28:36.586Z', NULL);
INSERT INTO "responses" ("id", "user_id", "question_id", "response_option_id", "created_at", "response_text") VALUES (108, 7, 19, 3, '2025-11-12T01:28:36.586Z', NULL);
INSERT INTO "responses" ("id", "user_id", "question_id", "response_option_id", "created_at", "response_text") VALUES (109, 7, 20, 3, '2025-11-12T01:28:36.586Z', NULL);
INSERT INTO "responses" ("id", "user_id", "question_id", "response_option_id", "created_at", "response_text") VALUES (110, 7, 21, 3, '2025-11-12T01:28:36.586Z', NULL);
INSERT INTO "responses" ("id", "user_id", "question_id", "response_option_id", "created_at", "response_text") VALUES (111, 7, 22, 3, '2025-11-12T01:28:36.586Z', NULL);
INSERT INTO "responses" ("id", "user_id", "question_id", "response_option_id", "created_at", "response_text") VALUES (112, 7, 23, 2, '2025-11-12T01:28:36.586Z', NULL);
INSERT INTO "responses" ("id", "user_id", "question_id", "response_option_id", "created_at", "response_text") VALUES (113, 7, 24, 3, '2025-11-12T01:28:36.586Z', NULL);
INSERT INTO "responses" ("id", "user_id", "question_id", "response_option_id", "created_at", "response_text") VALUES (114, 7, 25, 3, '2025-11-12T01:28:36.586Z', NULL);
INSERT INTO "responses" ("id", "user_id", "question_id", "response_option_id", "created_at", "response_text") VALUES (115, 7, 26, 2, '2025-11-12T01:28:36.586Z', NULL);
INSERT INTO "responses" ("id", "user_id", "question_id", "response_option_id", "created_at", "response_text") VALUES (116, 7, 27, 3, '2025-11-12T01:28:36.586Z', NULL);
INSERT INTO "responses" ("id", "user_id", "question_id", "response_option_id", "created_at", "response_text") VALUES (117, 7, 28, 3, '2025-11-12T01:28:36.586Z', NULL);
INSERT INTO "responses" ("id", "user_id", "question_id", "response_option_id", "created_at", "response_text") VALUES (118, 7, 29, 2, '2025-11-12T01:28:36.586Z', NULL);
INSERT INTO "responses" ("id", "user_id", "question_id", "response_option_id", "created_at", "response_text") VALUES (119, 7, 30, 3, '2025-11-12T01:28:36.586Z', NULL);
INSERT INTO "responses" ("id", "user_id", "question_id", "response_option_id", "created_at", "response_text") VALUES (120, 7, 31, 3, '2025-11-12T01:28:36.586Z', NULL);
INSERT INTO "responses" ("id", "user_id", "question_id", "response_option_id", "created_at", "response_text") VALUES (121, 7, 32, 3, '2025-11-12T01:28:36.586Z', NULL);
INSERT INTO "responses" ("id", "user_id", "question_id", "response_option_id", "created_at", "response_text") VALUES (122, 7, 33, 3, '2025-11-12T01:28:36.586Z', NULL);
INSERT INTO "responses" ("id", "user_id", "question_id", "response_option_id", "created_at", "response_text") VALUES (123, 7, 34, 3, '2025-11-12T01:28:36.586Z', NULL);
INSERT INTO "responses" ("id", "user_id", "question_id", "response_option_id", "created_at", "response_text") VALUES (124, 7, 35, 2, '2025-11-12T01:28:36.586Z', NULL);
INSERT INTO "responses" ("id", "user_id", "question_id", "response_option_id", "created_at", "response_text") VALUES (125, 7, 36, NULL, '2025-11-12T01:28:36.586Z', 'ewwaqdsddsa');
INSERT INTO "responses" ("id", "user_id", "question_id", "response_option_id", "created_at", "response_text") VALUES (126, 7, 37, NULL, '2025-11-12T01:28:36.586Z', 'dsadasdasd');
INSERT INTO "responses" ("id", "user_id", "question_id", "response_option_id", "created_at", "response_text") VALUES (127, 7, 38, NULL, '2025-11-12T01:28:36.586Z', 'sdasd');
INSERT INTO "responses" ("id", "user_id", "question_id", "response_option_id", "created_at", "response_text") VALUES (128, 7, 39, NULL, '2025-11-12T01:28:36.586Z', 'asdasdsa');
INSERT INTO "responses" ("id", "user_id", "question_id", "response_option_id", "created_at", "response_text") VALUES (129, 8, 1, 3, '2025-11-12T01:45:25.782Z', NULL);
INSERT INTO "responses" ("id", "user_id", "question_id", "response_option_id", "created_at", "response_text") VALUES (130, 8, 2, 2, '2025-11-12T01:45:25.782Z', NULL);
INSERT INTO "responses" ("id", "user_id", "question_id", "response_option_id", "created_at", "response_text") VALUES (131, 8, 3, 2, '2025-11-12T01:45:25.782Z', NULL);
INSERT INTO "responses" ("id", "user_id", "question_id", "response_option_id", "created_at", "response_text") VALUES (132, 8, 4, 1, '2025-11-12T01:45:25.782Z', NULL);
INSERT INTO "responses" ("id", "user_id", "question_id", "response_option_id", "created_at", "response_text") VALUES (133, 8, 5, 3, '2025-11-12T01:45:25.782Z', NULL);
INSERT INTO "responses" ("id", "user_id", "question_id", "response_option_id", "created_at", "response_text") VALUES (134, 8, 6, 3, '2025-11-12T01:45:25.782Z', NULL);
INSERT INTO "responses" ("id", "user_id", "question_id", "response_option_id", "created_at", "response_text") VALUES (135, 8, 7, 2, '2025-11-12T01:45:25.782Z', NULL);
INSERT INTO "responses" ("id", "user_id", "question_id", "response_option_id", "created_at", "response_text") VALUES (136, 8, 8, 3, '2025-11-12T01:45:25.782Z', NULL);
INSERT INTO "responses" ("id", "user_id", "question_id", "response_option_id", "created_at", "response_text") VALUES (137, 8, 9, 1, '2025-11-12T01:45:25.782Z', NULL);
INSERT INTO "responses" ("id", "user_id", "question_id", "response_option_id", "created_at", "response_text") VALUES (138, 8, 10, 2, '2025-11-12T01:45:25.782Z', NULL);
INSERT INTO "responses" ("id", "user_id", "question_id", "response_option_id", "created_at", "response_text") VALUES (139, 8, 11, 2, '2025-11-12T01:45:25.782Z', NULL);
INSERT INTO "responses" ("id", "user_id", "question_id", "response_option_id", "created_at", "response_text") VALUES (140, 8, 12, 3, '2025-11-12T01:45:25.782Z', NULL);
INSERT INTO "responses" ("id", "user_id", "question_id", "response_option_id", "created_at", "response_text") VALUES (141, 8, 13, 3, '2025-11-12T01:45:25.782Z', NULL);
INSERT INTO "responses" ("id", "user_id", "question_id", "response_option_id", "created_at", "response_text") VALUES (142, 8, 14, 3, '2025-11-12T01:45:25.782Z', NULL);
INSERT INTO "responses" ("id", "user_id", "question_id", "response_option_id", "created_at", "response_text") VALUES (143, 8, 15, 2, '2025-11-12T01:45:25.782Z', NULL);
INSERT INTO "responses" ("id", "user_id", "question_id", "response_option_id", "created_at", "response_text") VALUES (144, 8, 16, 2, '2025-11-12T01:45:25.782Z', NULL);
INSERT INTO "responses" ("id", "user_id", "question_id", "response_option_id", "created_at", "response_text") VALUES (145, 8, 17, 1, '2025-11-12T01:45:25.782Z', NULL);
INSERT INTO "responses" ("id", "user_id", "question_id", "response_option_id", "created_at", "response_text") VALUES (146, 8, 18, 2, '2025-11-12T01:45:25.782Z', NULL);
INSERT INTO "responses" ("id", "user_id", "question_id", "response_option_id", "created_at", "response_text") VALUES (147, 8, 19, 3, '2025-11-12T01:45:25.782Z', NULL);
INSERT INTO "responses" ("id", "user_id", "question_id", "response_option_id", "created_at", "response_text") VALUES (148, 8, 20, 3, '2025-11-12T01:45:25.782Z', NULL);
INSERT INTO "responses" ("id", "user_id", "question_id", "response_option_id", "created_at", "response_text") VALUES (149, 8, 21, 3, '2025-11-12T01:45:25.782Z', NULL);
INSERT INTO "responses" ("id", "user_id", "question_id", "response_option_id", "created_at", "response_text") VALUES (150, 8, 22, 3, '2025-11-12T01:45:25.782Z', NULL);
INSERT INTO "responses" ("id", "user_id", "question_id", "response_option_id", "created_at", "response_text") VALUES (151, 8, 23, 2, '2025-11-12T01:45:25.782Z', NULL);
INSERT INTO "responses" ("id", "user_id", "question_id", "response_option_id", "created_at", "response_text") VALUES (152, 8, 24, 2, '2025-11-12T01:45:25.782Z', NULL);
INSERT INTO "responses" ("id", "user_id", "question_id", "response_option_id", "created_at", "response_text") VALUES (153, 8, 25, 3, '2025-11-12T01:45:25.782Z', NULL);
INSERT INTO "responses" ("id", "user_id", "question_id", "response_option_id", "created_at", "response_text") VALUES (154, 8, 26, 3, '2025-11-12T01:45:25.782Z', NULL);
INSERT INTO "responses" ("id", "user_id", "question_id", "response_option_id", "created_at", "response_text") VALUES (155, 8, 27, 3, '2025-11-12T01:45:25.782Z', NULL);
INSERT INTO "responses" ("id", "user_id", "question_id", "response_option_id", "created_at", "response_text") VALUES (156, 8, 28, 3, '2025-11-12T01:45:25.782Z', NULL);
INSERT INTO "responses" ("id", "user_id", "question_id", "response_option_id", "created_at", "response_text") VALUES (157, 8, 29, 3, '2025-11-12T01:45:25.782Z', NULL);
INSERT INTO "responses" ("id", "user_id", "question_id", "response_option_id", "created_at", "response_text") VALUES (158, 8, 30, 3, '2025-11-12T01:45:25.782Z', NULL);
INSERT INTO "responses" ("id", "user_id", "question_id", "response_option_id", "created_at", "response_text") VALUES (159, 8, 31, 3, '2025-11-12T01:45:25.782Z', NULL);
INSERT INTO "responses" ("id", "user_id", "question_id", "response_option_id", "created_at", "response_text") VALUES (160, 8, 32, 3, '2025-11-12T01:45:25.782Z', NULL);
INSERT INTO "responses" ("id", "user_id", "question_id", "response_option_id", "created_at", "response_text") VALUES (161, 8, 33, 2, '2025-11-12T01:45:25.782Z', NULL);
INSERT INTO "responses" ("id", "user_id", "question_id", "response_option_id", "created_at", "response_text") VALUES (162, 8, 34, 3, '2025-11-12T01:45:25.782Z', NULL);
INSERT INTO "responses" ("id", "user_id", "question_id", "response_option_id", "created_at", "response_text") VALUES (163, 8, 35, 2, '2025-11-12T01:45:25.782Z', NULL);
INSERT INTO "responses" ("id", "user_id", "question_id", "response_option_id", "created_at", "response_text") VALUES (164, 8, 36, NULL, '2025-11-12T01:45:25.782Z', 'dddsdsds');
INSERT INTO "responses" ("id", "user_id", "question_id", "response_option_id", "created_at", "response_text") VALUES (165, 8, 37, NULL, '2025-11-12T01:45:25.782Z', 'sadadabcvbbv');
INSERT INTO "responses" ("id", "user_id", "question_id", "response_option_id", "created_at", "response_text") VALUES (166, 8, 38, NULL, '2025-11-12T01:45:25.782Z', 'sdfsdfsdfdfds');
INSERT INTO "responses" ("id", "user_id", "question_id", "response_option_id", "created_at", "response_text") VALUES (167, 8, 39, NULL, '2025-11-12T01:45:25.782Z', 'dfsfdfsfdf');
INSERT INTO "responses" ("id", "user_id", "question_id", "response_option_id", "created_at", "response_text") VALUES (168, 9, 1, 2, '2025-11-12T01:51:35.883Z', NULL);
INSERT INTO "responses" ("id", "user_id", "question_id", "response_option_id", "created_at", "response_text") VALUES (169, 9, 2, 2, '2025-11-12T01:51:35.883Z', NULL);
INSERT INTO "responses" ("id", "user_id", "question_id", "response_option_id", "created_at", "response_text") VALUES (170, 9, 3, 1, '2025-11-12T01:51:35.883Z', NULL);
INSERT INTO "responses" ("id", "user_id", "question_id", "response_option_id", "created_at", "response_text") VALUES (171, 9, 4, 2, '2025-11-12T01:51:35.883Z', NULL);
INSERT INTO "responses" ("id", "user_id", "question_id", "response_option_id", "created_at", "response_text") VALUES (172, 9, 5, 2, '2025-11-12T01:51:35.883Z', NULL);
INSERT INTO "responses" ("id", "user_id", "question_id", "response_option_id", "created_at", "response_text") VALUES (173, 9, 6, 2, '2025-11-12T01:51:35.883Z', NULL);
INSERT INTO "responses" ("id", "user_id", "question_id", "response_option_id", "created_at", "response_text") VALUES (174, 9, 7, 2, '2025-11-12T01:51:35.883Z', NULL);
INSERT INTO "responses" ("id", "user_id", "question_id", "response_option_id", "created_at", "response_text") VALUES (175, 9, 8, 2, '2025-11-12T01:51:35.883Z', NULL);
INSERT INTO "responses" ("id", "user_id", "question_id", "response_option_id", "created_at", "response_text") VALUES (176, 9, 9, 2, '2025-11-12T01:51:35.883Z', NULL);
INSERT INTO "responses" ("id", "user_id", "question_id", "response_option_id", "created_at", "response_text") VALUES (177, 9, 10, 2, '2025-11-12T01:51:35.883Z', NULL);
INSERT INTO "responses" ("id", "user_id", "question_id", "response_option_id", "created_at", "response_text") VALUES (178, 9, 11, 3, '2025-11-12T01:51:35.883Z', NULL);
INSERT INTO "responses" ("id", "user_id", "question_id", "response_option_id", "created_at", "response_text") VALUES (179, 9, 12, 1, '2025-11-12T01:51:35.883Z', NULL);
INSERT INTO "responses" ("id", "user_id", "question_id", "response_option_id", "created_at", "response_text") VALUES (180, 9, 13, 1, '2025-11-12T01:51:35.883Z', NULL);
INSERT INTO "responses" ("id", "user_id", "question_id", "response_option_id", "created_at", "response_text") VALUES (181, 9, 14, 3, '2025-11-12T01:51:35.883Z', NULL);
INSERT INTO "responses" ("id", "user_id", "question_id", "response_option_id", "created_at", "response_text") VALUES (182, 9, 15, 3, '2025-11-12T01:51:35.883Z', NULL);
INSERT INTO "responses" ("id", "user_id", "question_id", "response_option_id", "created_at", "response_text") VALUES (183, 9, 16, 2, '2025-11-12T01:51:35.883Z', NULL);
INSERT INTO "responses" ("id", "user_id", "question_id", "response_option_id", "created_at", "response_text") VALUES (184, 9, 17, 2, '2025-11-12T01:51:35.883Z', NULL);
INSERT INTO "responses" ("id", "user_id", "question_id", "response_option_id", "created_at", "response_text") VALUES (185, 9, 18, 2, '2025-11-12T01:51:35.883Z', NULL);
INSERT INTO "responses" ("id", "user_id", "question_id", "response_option_id", "created_at", "response_text") VALUES (186, 9, 19, 2, '2025-11-12T01:51:35.883Z', NULL);
INSERT INTO "responses" ("id", "user_id", "question_id", "response_option_id", "created_at", "response_text") VALUES (187, 9, 20, 1, '2025-11-12T01:51:35.883Z', NULL);
INSERT INTO "responses" ("id", "user_id", "question_id", "response_option_id", "created_at", "response_text") VALUES (188, 9, 21, 2, '2025-11-12T01:51:35.883Z', NULL);
INSERT INTO "responses" ("id", "user_id", "question_id", "response_option_id", "created_at", "response_text") VALUES (189, 9, 22, 2, '2025-11-12T01:51:35.883Z', NULL);
INSERT INTO "responses" ("id", "user_id", "question_id", "response_option_id", "created_at", "response_text") VALUES (190, 9, 23, 2, '2025-11-12T01:51:35.883Z', NULL);
INSERT INTO "responses" ("id", "user_id", "question_id", "response_option_id", "created_at", "response_text") VALUES (191, 9, 24, 2, '2025-11-12T01:51:35.883Z', NULL);
INSERT INTO "responses" ("id", "user_id", "question_id", "response_option_id", "created_at", "response_text") VALUES (192, 9, 25, 2, '2025-11-12T01:51:35.883Z', NULL);
INSERT INTO "responses" ("id", "user_id", "question_id", "response_option_id", "created_at", "response_text") VALUES (193, 9, 26, 1, '2025-11-12T01:51:35.883Z', NULL);
INSERT INTO "responses" ("id", "user_id", "question_id", "response_option_id", "created_at", "response_text") VALUES (194, 9, 27, 3, '2025-11-12T01:51:35.883Z', NULL);
INSERT INTO "responses" ("id", "user_id", "question_id", "response_option_id", "created_at", "response_text") VALUES (195, 9, 28, 2, '2025-11-12T01:51:35.883Z', NULL);
INSERT INTO "responses" ("id", "user_id", "question_id", "response_option_id", "created_at", "response_text") VALUES (196, 9, 29, 2, '2025-11-12T01:51:35.883Z', NULL);
INSERT INTO "responses" ("id", "user_id", "question_id", "response_option_id", "created_at", "response_text") VALUES (197, 9, 30, 2, '2025-11-12T01:51:35.883Z', NULL);
INSERT INTO "responses" ("id", "user_id", "question_id", "response_option_id", "created_at", "response_text") VALUES (198, 9, 31, 2, '2025-11-12T01:51:35.883Z', NULL);
INSERT INTO "responses" ("id", "user_id", "question_id", "response_option_id", "created_at", "response_text") VALUES (199, 9, 32, 3, '2025-11-12T01:51:35.883Z', NULL);
INSERT INTO "responses" ("id", "user_id", "question_id", "response_option_id", "created_at", "response_text") VALUES (200, 9, 33, 2, '2025-11-12T01:51:35.883Z', NULL);
INSERT INTO "responses" ("id", "user_id", "question_id", "response_option_id", "created_at", "response_text") VALUES (201, 9, 34, 2, '2025-11-12T01:51:35.883Z', NULL);
INSERT INTO "responses" ("id", "user_id", "question_id", "response_option_id", "created_at", "response_text") VALUES (202, 9, 35, 2, '2025-11-12T01:51:35.883Z', NULL);
INSERT INTO "responses" ("id", "user_id", "question_id", "response_option_id", "created_at", "response_text") VALUES (203, 9, 36, NULL, '2025-11-12T01:51:35.883Z', 'xcfv');
INSERT INTO "responses" ("id", "user_id", "question_id", "response_option_id", "created_at", "response_text") VALUES (204, 9, 37, NULL, '2025-11-12T01:51:35.883Z', 'xcvxcv');
INSERT INTO "responses" ("id", "user_id", "question_id", "response_option_id", "created_at", "response_text") VALUES (205, 9, 38, NULL, '2025-11-12T01:51:35.883Z', 'xcvxcv');
INSERT INTO "responses" ("id", "user_id", "question_id", "response_option_id", "created_at", "response_text") VALUES (206, 9, 39, NULL, '2025-11-12T01:51:35.883Z', 'xcv');
INSERT INTO "responses" ("id", "user_id", "question_id", "response_option_id", "created_at", "response_text") VALUES (207, 10, 1, 1, '2025-11-12T02:15:06.389Z', NULL);
INSERT INTO "responses" ("id", "user_id", "question_id", "response_option_id", "created_at", "response_text") VALUES (208, 10, 2, 2, '2025-11-12T02:15:06.389Z', NULL);
INSERT INTO "responses" ("id", "user_id", "question_id", "response_option_id", "created_at", "response_text") VALUES (209, 10, 3, 2, '2025-11-12T02:15:06.389Z', NULL);
INSERT INTO "responses" ("id", "user_id", "question_id", "response_option_id", "created_at", "response_text") VALUES (210, 10, 4, 2, '2025-11-12T02:15:06.389Z', NULL);
INSERT INTO "responses" ("id", "user_id", "question_id", "response_option_id", "created_at", "response_text") VALUES (211, 10, 5, 3, '2025-11-12T02:15:06.389Z', NULL);
INSERT INTO "responses" ("id", "user_id", "question_id", "response_option_id", "created_at", "response_text") VALUES (212, 10, 6, 2, '2025-11-12T02:15:06.389Z', NULL);
INSERT INTO "responses" ("id", "user_id", "question_id", "response_option_id", "created_at", "response_text") VALUES (213, 10, 7, 2, '2025-11-12T02:15:06.389Z', NULL);
INSERT INTO "responses" ("id", "user_id", "question_id", "response_option_id", "created_at", "response_text") VALUES (214, 10, 8, 2, '2025-11-12T02:15:06.389Z', NULL);
INSERT INTO "responses" ("id", "user_id", "question_id", "response_option_id", "created_at", "response_text") VALUES (215, 10, 9, 3, '2025-11-12T02:15:06.389Z', NULL);
INSERT INTO "responses" ("id", "user_id", "question_id", "response_option_id", "created_at", "response_text") VALUES (216, 10, 10, 3, '2025-11-12T02:15:06.389Z', NULL);
INSERT INTO "responses" ("id", "user_id", "question_id", "response_option_id", "created_at", "response_text") VALUES (217, 10, 11, 3, '2025-11-12T02:15:06.389Z', NULL);
INSERT INTO "responses" ("id", "user_id", "question_id", "response_option_id", "created_at", "response_text") VALUES (218, 10, 12, 3, '2025-11-12T02:15:06.389Z', NULL);
INSERT INTO "responses" ("id", "user_id", "question_id", "response_option_id", "created_at", "response_text") VALUES (219, 10, 13, 3, '2025-11-12T02:15:06.389Z', NULL);
INSERT INTO "responses" ("id", "user_id", "question_id", "response_option_id", "created_at", "response_text") VALUES (220, 10, 14, 2, '2025-11-12T02:15:06.389Z', NULL);
INSERT INTO "responses" ("id", "user_id", "question_id", "response_option_id", "created_at", "response_text") VALUES (221, 10, 15, 3, '2025-11-12T02:15:06.389Z', NULL);
INSERT INTO "responses" ("id", "user_id", "question_id", "response_option_id", "created_at", "response_text") VALUES (222, 10, 16, 2, '2025-11-12T02:15:06.389Z', NULL);
INSERT INTO "responses" ("id", "user_id", "question_id", "response_option_id", "created_at", "response_text") VALUES (223, 10, 17, 2, '2025-11-12T02:15:06.389Z', NULL);
INSERT INTO "responses" ("id", "user_id", "question_id", "response_option_id", "created_at", "response_text") VALUES (224, 10, 18, 2, '2025-11-12T02:15:06.389Z', NULL);
INSERT INTO "responses" ("id", "user_id", "question_id", "response_option_id", "created_at", "response_text") VALUES (225, 10, 19, 2, '2025-11-12T02:15:06.389Z', NULL);
INSERT INTO "responses" ("id", "user_id", "question_id", "response_option_id", "created_at", "response_text") VALUES (226, 10, 20, 2, '2025-11-12T02:15:06.389Z', NULL);
INSERT INTO "responses" ("id", "user_id", "question_id", "response_option_id", "created_at", "response_text") VALUES (227, 10, 21, 3, '2025-11-12T02:15:06.389Z', NULL);
INSERT INTO "responses" ("id", "user_id", "question_id", "response_option_id", "created_at", "response_text") VALUES (228, 10, 22, 3, '2025-11-12T02:15:06.389Z', NULL);
INSERT INTO "responses" ("id", "user_id", "question_id", "response_option_id", "created_at", "response_text") VALUES (229, 10, 23, 3, '2025-11-12T02:15:06.389Z', NULL);
INSERT INTO "responses" ("id", "user_id", "question_id", "response_option_id", "created_at", "response_text") VALUES (230, 10, 24, 3, '2025-11-12T02:15:06.389Z', NULL);
INSERT INTO "responses" ("id", "user_id", "question_id", "response_option_id", "created_at", "response_text") VALUES (231, 10, 25, 3, '2025-11-12T02:15:06.389Z', NULL);
INSERT INTO "responses" ("id", "user_id", "question_id", "response_option_id", "created_at", "response_text") VALUES (232, 10, 26, 2, '2025-11-12T02:15:06.389Z', NULL);
INSERT INTO "responses" ("id", "user_id", "question_id", "response_option_id", "created_at", "response_text") VALUES (233, 10, 27, 3, '2025-11-12T02:15:06.389Z', NULL);
INSERT INTO "responses" ("id", "user_id", "question_id", "response_option_id", "created_at", "response_text") VALUES (234, 10, 28, 2, '2025-11-12T02:15:06.389Z', NULL);
INSERT INTO "responses" ("id", "user_id", "question_id", "response_option_id", "created_at", "response_text") VALUES (235, 10, 29, 2, '2025-11-12T02:15:06.389Z', NULL);
INSERT INTO "responses" ("id", "user_id", "question_id", "response_option_id", "created_at", "response_text") VALUES (236, 10, 30, 2, '2025-11-12T02:15:06.389Z', NULL);
INSERT INTO "responses" ("id", "user_id", "question_id", "response_option_id", "created_at", "response_text") VALUES (237, 10, 31, 3, '2025-11-12T02:15:06.389Z', NULL);
INSERT INTO "responses" ("id", "user_id", "question_id", "response_option_id", "created_at", "response_text") VALUES (238, 10, 32, 3, '2025-11-12T02:15:06.389Z', NULL);
INSERT INTO "responses" ("id", "user_id", "question_id", "response_option_id", "created_at", "response_text") VALUES (239, 10, 33, 3, '2025-11-12T02:15:06.389Z', NULL);
INSERT INTO "responses" ("id", "user_id", "question_id", "response_option_id", "created_at", "response_text") VALUES (240, 10, 34, 2, '2025-11-12T02:15:06.389Z', NULL);
INSERT INTO "responses" ("id", "user_id", "question_id", "response_option_id", "created_at", "response_text") VALUES (241, 10, 35, 2, '2025-11-12T02:15:06.389Z', NULL);
INSERT INTO "responses" ("id", "user_id", "question_id", "response_option_id", "created_at", "response_text") VALUES (242, 10, 36, NULL, '2025-11-12T02:15:06.389Z', 'xcvxcvxcvxcvcxcvxv vxc xvxcc cvcxvx v v  v xvx vccxv ');
INSERT INTO "responses" ("id", "user_id", "question_id", "response_option_id", "created_at", "response_text") VALUES (243, 10, 37, NULL, '2025-11-12T02:15:06.389Z', 'sdfsdfsdfdsfs df sdf sd fsd    fd f sdf d');
INSERT INTO "responses" ("id", "user_id", "question_id", "response_option_id", "created_at", "response_text") VALUES (244, 10, 38, NULL, '2025-11-12T02:15:06.389Z', 'ffsfsdfsdfsdfsdfdsfdf f sdd');
INSERT INTO "responses" ("id", "user_id", "question_id", "response_option_id", "created_at", "response_text") VALUES (245, 10, 39, NULL, '2025-11-12T02:15:06.389Z', 'sdfsdfsdfsdfdfd fd fds fsd f ');
INSERT INTO "responses" ("id", "user_id", "question_id", "response_option_id", "created_at", "response_text") VALUES (246, 11, 1, 3, '2025-11-12T03:13:19.626Z', NULL);
INSERT INTO "responses" ("id", "user_id", "question_id", "response_option_id", "created_at", "response_text") VALUES (247, 11, 2, 3, '2025-11-12T03:13:19.626Z', NULL);
INSERT INTO "responses" ("id", "user_id", "question_id", "response_option_id", "created_at", "response_text") VALUES (248, 11, 3, 2, '2025-11-12T03:13:19.626Z', NULL);
INSERT INTO "responses" ("id", "user_id", "question_id", "response_option_id", "created_at", "response_text") VALUES (249, 11, 4, 3, '2025-11-12T03:13:19.626Z', NULL);
INSERT INTO "responses" ("id", "user_id", "question_id", "response_option_id", "created_at", "response_text") VALUES (250, 11, 5, 2, '2025-11-12T03:13:19.626Z', NULL);
INSERT INTO "responses" ("id", "user_id", "question_id", "response_option_id", "created_at", "response_text") VALUES (251, 11, 6, 2, '2025-11-12T03:13:19.626Z', NULL);
INSERT INTO "responses" ("id", "user_id", "question_id", "response_option_id", "created_at", "response_text") VALUES (252, 11, 7, 3, '2025-11-12T03:13:19.626Z', NULL);
INSERT INTO "responses" ("id", "user_id", "question_id", "response_option_id", "created_at", "response_text") VALUES (253, 11, 8, 3, '2025-11-12T03:13:19.626Z', NULL);
INSERT INTO "responses" ("id", "user_id", "question_id", "response_option_id", "created_at", "response_text") VALUES (254, 11, 9, 2, '2025-11-12T03:13:19.626Z', NULL);
INSERT INTO "responses" ("id", "user_id", "question_id", "response_option_id", "created_at", "response_text") VALUES (255, 11, 10, 2, '2025-11-12T03:13:19.626Z', NULL);
INSERT INTO "responses" ("id", "user_id", "question_id", "response_option_id", "created_at", "response_text") VALUES (256, 11, 11, 2, '2025-11-12T03:13:19.626Z', NULL);
INSERT INTO "responses" ("id", "user_id", "question_id", "response_option_id", "created_at", "response_text") VALUES (257, 11, 12, 2, '2025-11-12T03:13:19.626Z', NULL);
INSERT INTO "responses" ("id", "user_id", "question_id", "response_option_id", "created_at", "response_text") VALUES (258, 11, 13, 3, '2025-11-12T03:13:19.626Z', NULL);
INSERT INTO "responses" ("id", "user_id", "question_id", "response_option_id", "created_at", "response_text") VALUES (259, 11, 14, 3, '2025-11-12T03:13:19.626Z', NULL);
INSERT INTO "responses" ("id", "user_id", "question_id", "response_option_id", "created_at", "response_text") VALUES (260, 11, 15, 3, '2025-11-12T03:13:19.626Z', NULL);
INSERT INTO "responses" ("id", "user_id", "question_id", "response_option_id", "created_at", "response_text") VALUES (261, 11, 16, 3, '2025-11-12T03:13:19.626Z', NULL);
INSERT INTO "responses" ("id", "user_id", "question_id", "response_option_id", "created_at", "response_text") VALUES (262, 11, 17, 3, '2025-11-12T03:13:19.626Z', NULL);
INSERT INTO "responses" ("id", "user_id", "question_id", "response_option_id", "created_at", "response_text") VALUES (263, 11, 18, 3, '2025-11-12T03:13:19.626Z', NULL);
INSERT INTO "responses" ("id", "user_id", "question_id", "response_option_id", "created_at", "response_text") VALUES (264, 11, 19, 2, '2025-11-12T03:13:19.626Z', NULL);
INSERT INTO "responses" ("id", "user_id", "question_id", "response_option_id", "created_at", "response_text") VALUES (265, 11, 20, 3, '2025-11-12T03:13:19.626Z', NULL);
INSERT INTO "responses" ("id", "user_id", "question_id", "response_option_id", "created_at", "response_text") VALUES (266, 11, 21, 3, '2025-11-12T03:13:19.626Z', NULL);
INSERT INTO "responses" ("id", "user_id", "question_id", "response_option_id", "created_at", "response_text") VALUES (267, 11, 22, 3, '2025-11-12T03:13:19.626Z', NULL);
INSERT INTO "responses" ("id", "user_id", "question_id", "response_option_id", "created_at", "response_text") VALUES (268, 11, 23, 3, '2025-11-12T03:13:19.626Z', NULL);
INSERT INTO "responses" ("id", "user_id", "question_id", "response_option_id", "created_at", "response_text") VALUES (269, 11, 24, 3, '2025-11-12T03:13:19.626Z', NULL);
INSERT INTO "responses" ("id", "user_id", "question_id", "response_option_id", "created_at", "response_text") VALUES (270, 11, 25, 3, '2025-11-12T03:13:19.626Z', NULL);
INSERT INTO "responses" ("id", "user_id", "question_id", "response_option_id", "created_at", "response_text") VALUES (271, 11, 26, 3, '2025-11-12T03:13:19.626Z', NULL);
INSERT INTO "responses" ("id", "user_id", "question_id", "response_option_id", "created_at", "response_text") VALUES (272, 11, 27, 3, '2025-11-12T03:13:19.626Z', NULL);
INSERT INTO "responses" ("id", "user_id", "question_id", "response_option_id", "created_at", "response_text") VALUES (273, 11, 28, 3, '2025-11-12T03:13:19.626Z', NULL);
INSERT INTO "responses" ("id", "user_id", "question_id", "response_option_id", "created_at", "response_text") VALUES (274, 11, 29, 3, '2025-11-12T03:13:19.626Z', NULL);
INSERT INTO "responses" ("id", "user_id", "question_id", "response_option_id", "created_at", "response_text") VALUES (275, 11, 30, 3, '2025-11-12T03:13:19.626Z', NULL);
INSERT INTO "responses" ("id", "user_id", "question_id", "response_option_id", "created_at", "response_text") VALUES (276, 11, 31, 3, '2025-11-12T03:13:19.626Z', NULL);
INSERT INTO "responses" ("id", "user_id", "question_id", "response_option_id", "created_at", "response_text") VALUES (277, 11, 32, 3, '2025-11-12T03:13:19.626Z', NULL);
INSERT INTO "responses" ("id", "user_id", "question_id", "response_option_id", "created_at", "response_text") VALUES (278, 11, 33, 3, '2025-11-12T03:13:19.626Z', NULL);
INSERT INTO "responses" ("id", "user_id", "question_id", "response_option_id", "created_at", "response_text") VALUES (279, 11, 34, 3, '2025-11-12T03:13:19.626Z', NULL);
INSERT INTO "responses" ("id", "user_id", "question_id", "response_option_id", "created_at", "response_text") VALUES (280, 11, 35, 3, '2025-11-12T03:13:19.626Z', NULL);
INSERT INTO "responses" ("id", "user_id", "question_id", "response_option_id", "created_at", "response_text") VALUES (281, 11, 36, NULL, '2025-11-12T03:13:19.626Z', '1');
INSERT INTO "responses" ("id", "user_id", "question_id", "response_option_id", "created_at", "response_text") VALUES (282, 11, 37, NULL, '2025-11-12T03:13:19.626Z', '1');
INSERT INTO "responses" ("id", "user_id", "question_id", "response_option_id", "created_at", "response_text") VALUES (283, 11, 38, NULL, '2025-11-12T03:13:19.626Z', '1');
INSERT INTO "responses" ("id", "user_id", "question_id", "response_option_id", "created_at", "response_text") VALUES (284, 11, 39, NULL, '2025-11-12T03:13:19.626Z', '1');
INSERT INTO "responses" ("id", "user_id", "question_id", "response_option_id", "created_at", "response_text") VALUES (285, 12, 1, 1, '2025-11-12T03:41:24.429Z', NULL);
INSERT INTO "responses" ("id", "user_id", "question_id", "response_option_id", "created_at", "response_text") VALUES (286, 12, 2, 2, '2025-11-12T03:41:24.429Z', NULL);
INSERT INTO "responses" ("id", "user_id", "question_id", "response_option_id", "created_at", "response_text") VALUES (287, 12, 3, 1, '2025-11-12T03:41:24.429Z', NULL);
INSERT INTO "responses" ("id", "user_id", "question_id", "response_option_id", "created_at", "response_text") VALUES (288, 12, 4, 2, '2025-11-12T03:41:24.429Z', NULL);
INSERT INTO "responses" ("id", "user_id", "question_id", "response_option_id", "created_at", "response_text") VALUES (289, 12, 5, 3, '2025-11-12T03:41:24.429Z', NULL);
INSERT INTO "responses" ("id", "user_id", "question_id", "response_option_id", "created_at", "response_text") VALUES (290, 12, 6, 2, '2025-11-12T03:41:24.429Z', NULL);
INSERT INTO "responses" ("id", "user_id", "question_id", "response_option_id", "created_at", "response_text") VALUES (291, 12, 7, 2, '2025-11-12T03:41:24.429Z', NULL);
INSERT INTO "responses" ("id", "user_id", "question_id", "response_option_id", "created_at", "response_text") VALUES (292, 12, 8, 3, '2025-11-12T03:41:24.429Z', NULL);
INSERT INTO "responses" ("id", "user_id", "question_id", "response_option_id", "created_at", "response_text") VALUES (293, 12, 9, 2, '2025-11-12T03:41:24.429Z', NULL);
INSERT INTO "responses" ("id", "user_id", "question_id", "response_option_id", "created_at", "response_text") VALUES (294, 12, 10, 2, '2025-11-12T03:41:24.429Z', NULL);
INSERT INTO "responses" ("id", "user_id", "question_id", "response_option_id", "created_at", "response_text") VALUES (295, 12, 11, 3, '2025-11-12T03:41:24.429Z', NULL);
INSERT INTO "responses" ("id", "user_id", "question_id", "response_option_id", "created_at", "response_text") VALUES (296, 12, 12, 2, '2025-11-12T03:41:24.429Z', NULL);
INSERT INTO "responses" ("id", "user_id", "question_id", "response_option_id", "created_at", "response_text") VALUES (297, 12, 13, 2, '2025-11-12T03:41:24.429Z', NULL);
INSERT INTO "responses" ("id", "user_id", "question_id", "response_option_id", "created_at", "response_text") VALUES (298, 12, 14, 2, '2025-11-12T03:41:24.429Z', NULL);
INSERT INTO "responses" ("id", "user_id", "question_id", "response_option_id", "created_at", "response_text") VALUES (299, 12, 15, 2, '2025-11-12T03:41:24.429Z', NULL);
INSERT INTO "responses" ("id", "user_id", "question_id", "response_option_id", "created_at", "response_text") VALUES (300, 12, 16, 2, '2025-11-12T03:41:24.429Z', NULL);
INSERT INTO "responses" ("id", "user_id", "question_id", "response_option_id", "created_at", "response_text") VALUES (301, 12, 17, 2, '2025-11-12T03:41:24.429Z', NULL);
INSERT INTO "responses" ("id", "user_id", "question_id", "response_option_id", "created_at", "response_text") VALUES (302, 12, 18, 3, '2025-11-12T03:41:24.429Z', NULL);
INSERT INTO "responses" ("id", "user_id", "question_id", "response_option_id", "created_at", "response_text") VALUES (303, 12, 19, 2, '2025-11-12T03:41:24.429Z', NULL);
INSERT INTO "responses" ("id", "user_id", "question_id", "response_option_id", "created_at", "response_text") VALUES (304, 12, 20, 3, '2025-11-12T03:41:24.429Z', NULL);
INSERT INTO "responses" ("id", "user_id", "question_id", "response_option_id", "created_at", "response_text") VALUES (305, 12, 21, 2, '2025-11-12T03:41:24.429Z', NULL);
INSERT INTO "responses" ("id", "user_id", "question_id", "response_option_id", "created_at", "response_text") VALUES (306, 12, 22, 3, '2025-11-12T03:41:24.429Z', NULL);
INSERT INTO "responses" ("id", "user_id", "question_id", "response_option_id", "created_at", "response_text") VALUES (307, 12, 23, 2, '2025-11-12T03:41:24.429Z', NULL);
INSERT INTO "responses" ("id", "user_id", "question_id", "response_option_id", "created_at", "response_text") VALUES (308, 12, 24, 2, '2025-11-12T03:41:24.429Z', NULL);
INSERT INTO "responses" ("id", "user_id", "question_id", "response_option_id", "created_at", "response_text") VALUES (309, 12, 25, 3, '2025-11-12T03:41:24.429Z', NULL);
INSERT INTO "responses" ("id", "user_id", "question_id", "response_option_id", "created_at", "response_text") VALUES (310, 12, 26, 2, '2025-11-12T03:41:24.429Z', NULL);
INSERT INTO "responses" ("id", "user_id", "question_id", "response_option_id", "created_at", "response_text") VALUES (311, 12, 27, 3, '2025-11-12T03:41:24.429Z', NULL);
INSERT INTO "responses" ("id", "user_id", "question_id", "response_option_id", "created_at", "response_text") VALUES (312, 12, 28, 3, '2025-11-12T03:41:24.429Z', NULL);
INSERT INTO "responses" ("id", "user_id", "question_id", "response_option_id", "created_at", "response_text") VALUES (313, 12, 29, 2, '2025-11-12T03:41:24.429Z', NULL);
INSERT INTO "responses" ("id", "user_id", "question_id", "response_option_id", "created_at", "response_text") VALUES (314, 12, 30, 3, '2025-11-12T03:41:24.429Z', NULL);
INSERT INTO "responses" ("id", "user_id", "question_id", "response_option_id", "created_at", "response_text") VALUES (315, 12, 31, 3, '2025-11-12T03:41:24.429Z', NULL);
INSERT INTO "responses" ("id", "user_id", "question_id", "response_option_id", "created_at", "response_text") VALUES (316, 12, 32, 3, '2025-11-12T03:41:24.429Z', NULL);
INSERT INTO "responses" ("id", "user_id", "question_id", "response_option_id", "created_at", "response_text") VALUES (317, 12, 33, 3, '2025-11-12T03:41:24.429Z', NULL);
INSERT INTO "responses" ("id", "user_id", "question_id", "response_option_id", "created_at", "response_text") VALUES (318, 12, 34, 3, '2025-11-12T03:41:24.429Z', NULL);
INSERT INTO "responses" ("id", "user_id", "question_id", "response_option_id", "created_at", "response_text") VALUES (319, 12, 35, 3, '2025-11-12T03:41:24.429Z', NULL);
INSERT INTO "responses" ("id", "user_id", "question_id", "response_option_id", "created_at", "response_text") VALUES (320, 12, 36, NULL, '2025-11-12T03:41:24.429Z', 'j');
INSERT INTO "responses" ("id", "user_id", "question_id", "response_option_id", "created_at", "response_text") VALUES (321, 12, 37, NULL, '2025-11-12T03:41:24.429Z', 'k');
INSERT INTO "responses" ("id", "user_id", "question_id", "response_option_id", "created_at", "response_text") VALUES (322, 12, 38, NULL, '2025-11-12T03:41:24.429Z', 'l');
INSERT INTO "responses" ("id", "user_id", "question_id", "response_option_id", "created_at", "response_text") VALUES (323, 12, 39, NULL, '2025-11-12T03:41:24.429Z', 'j');
INSERT INTO "responses" ("id", "user_id", "question_id", "response_option_id", "created_at", "response_text") VALUES (324, 13, 1, 3, '2025-11-12T04:02:17.775Z', NULL);
INSERT INTO "responses" ("id", "user_id", "question_id", "response_option_id", "created_at", "response_text") VALUES (325, 13, 2, 1, '2025-11-12T04:02:17.775Z', NULL);
INSERT INTO "responses" ("id", "user_id", "question_id", "response_option_id", "created_at", "response_text") VALUES (326, 13, 3, 1, '2025-11-12T04:02:17.775Z', NULL);
INSERT INTO "responses" ("id", "user_id", "question_id", "response_option_id", "created_at", "response_text") VALUES (327, 13, 4, 1, '2025-11-12T04:02:17.775Z', NULL);
INSERT INTO "responses" ("id", "user_id", "question_id", "response_option_id", "created_at", "response_text") VALUES (328, 13, 5, 1, '2025-11-12T04:02:17.775Z', NULL);
INSERT INTO "responses" ("id", "user_id", "question_id", "response_option_id", "created_at", "response_text") VALUES (329, 13, 6, 1, '2025-11-12T04:02:17.775Z', NULL);
INSERT INTO "responses" ("id", "user_id", "question_id", "response_option_id", "created_at", "response_text") VALUES (330, 13, 7, 1, '2025-11-12T04:02:17.775Z', NULL);
INSERT INTO "responses" ("id", "user_id", "question_id", "response_option_id", "created_at", "response_text") VALUES (331, 13, 8, 2, '2025-11-12T04:02:17.775Z', NULL);
INSERT INTO "responses" ("id", "user_id", "question_id", "response_option_id", "created_at", "response_text") VALUES (332, 13, 9, 1, '2025-11-12T04:02:17.775Z', NULL);
INSERT INTO "responses" ("id", "user_id", "question_id", "response_option_id", "created_at", "response_text") VALUES (333, 13, 10, 3, '2025-11-12T04:02:17.775Z', NULL);
INSERT INTO "responses" ("id", "user_id", "question_id", "response_option_id", "created_at", "response_text") VALUES (334, 13, 11, 2, '2025-11-12T04:02:17.775Z', NULL);
INSERT INTO "responses" ("id", "user_id", "question_id", "response_option_id", "created_at", "response_text") VALUES (335, 13, 12, 2, '2025-11-12T04:02:17.775Z', NULL);
INSERT INTO "responses" ("id", "user_id", "question_id", "response_option_id", "created_at", "response_text") VALUES (336, 13, 13, 3, '2025-11-12T04:02:17.775Z', NULL);
INSERT INTO "responses" ("id", "user_id", "question_id", "response_option_id", "created_at", "response_text") VALUES (337, 13, 14, 2, '2025-11-12T04:02:17.775Z', NULL);
INSERT INTO "responses" ("id", "user_id", "question_id", "response_option_id", "created_at", "response_text") VALUES (338, 13, 15, 3, '2025-11-12T04:02:17.775Z', NULL);
INSERT INTO "responses" ("id", "user_id", "question_id", "response_option_id", "created_at", "response_text") VALUES (339, 13, 16, 2, '2025-11-12T04:02:17.775Z', NULL);
INSERT INTO "responses" ("id", "user_id", "question_id", "response_option_id", "created_at", "response_text") VALUES (340, 13, 17, 2, '2025-11-12T04:02:17.775Z', NULL);
INSERT INTO "responses" ("id", "user_id", "question_id", "response_option_id", "created_at", "response_text") VALUES (341, 13, 18, 2, '2025-11-12T04:02:17.775Z', NULL);
INSERT INTO "responses" ("id", "user_id", "question_id", "response_option_id", "created_at", "response_text") VALUES (342, 13, 19, 3, '2025-11-12T04:02:17.775Z', NULL);
INSERT INTO "responses" ("id", "user_id", "question_id", "response_option_id", "created_at", "response_text") VALUES (343, 13, 20, 1, '2025-11-12T04:02:17.775Z', NULL);
INSERT INTO "responses" ("id", "user_id", "question_id", "response_option_id", "created_at", "response_text") VALUES (344, 13, 21, 3, '2025-11-12T04:02:17.775Z', NULL);
INSERT INTO "responses" ("id", "user_id", "question_id", "response_option_id", "created_at", "response_text") VALUES (345, 13, 22, 2, '2025-11-12T04:02:17.775Z', NULL);
INSERT INTO "responses" ("id", "user_id", "question_id", "response_option_id", "created_at", "response_text") VALUES (346, 13, 23, 2, '2025-11-12T04:02:17.775Z', NULL);
INSERT INTO "responses" ("id", "user_id", "question_id", "response_option_id", "created_at", "response_text") VALUES (347, 13, 24, 3, '2025-11-12T04:02:17.775Z', NULL);
INSERT INTO "responses" ("id", "user_id", "question_id", "response_option_id", "created_at", "response_text") VALUES (348, 13, 25, 3, '2025-11-12T04:02:17.775Z', NULL);
INSERT INTO "responses" ("id", "user_id", "question_id", "response_option_id", "created_at", "response_text") VALUES (349, 13, 26, 3, '2025-11-12T04:02:17.775Z', NULL);
INSERT INTO "responses" ("id", "user_id", "question_id", "response_option_id", "created_at", "response_text") VALUES (350, 13, 27, 3, '2025-11-12T04:02:17.775Z', NULL);
INSERT INTO "responses" ("id", "user_id", "question_id", "response_option_id", "created_at", "response_text") VALUES (351, 13, 28, 3, '2025-11-12T04:02:17.775Z', NULL);
INSERT INTO "responses" ("id", "user_id", "question_id", "response_option_id", "created_at", "response_text") VALUES (352, 13, 29, 2, '2025-11-12T04:02:17.775Z', NULL);
INSERT INTO "responses" ("id", "user_id", "question_id", "response_option_id", "created_at", "response_text") VALUES (353, 13, 30, 3, '2025-11-12T04:02:17.775Z', NULL);
INSERT INTO "responses" ("id", "user_id", "question_id", "response_option_id", "created_at", "response_text") VALUES (354, 13, 31, 3, '2025-11-12T04:02:17.775Z', NULL);
INSERT INTO "responses" ("id", "user_id", "question_id", "response_option_id", "created_at", "response_text") VALUES (355, 13, 32, 3, '2025-11-12T04:02:17.775Z', NULL);
INSERT INTO "responses" ("id", "user_id", "question_id", "response_option_id", "created_at", "response_text") VALUES (356, 13, 33, 3, '2025-11-12T04:02:17.775Z', NULL);
INSERT INTO "responses" ("id", "user_id", "question_id", "response_option_id", "created_at", "response_text") VALUES (357, 13, 34, 2, '2025-11-12T04:02:17.775Z', NULL);
INSERT INTO "responses" ("id", "user_id", "question_id", "response_option_id", "created_at", "response_text") VALUES (358, 13, 35, 2, '2025-11-12T04:02:17.775Z', NULL);
INSERT INTO "responses" ("id", "user_id", "question_id", "response_option_id", "created_at", "response_text") VALUES (359, 13, 36, NULL, '2025-11-12T04:02:17.775Z', 'df');
INSERT INTO "responses" ("id", "user_id", "question_id", "response_option_id", "created_at", "response_text") VALUES (360, 13, 37, NULL, '2025-11-12T04:02:17.775Z', 'xc');
INSERT INTO "responses" ("id", "user_id", "question_id", "response_option_id", "created_at", "response_text") VALUES (361, 13, 38, NULL, '2025-11-12T04:02:17.775Z', 'xzc');
INSERT INTO "responses" ("id", "user_id", "question_id", "response_option_id", "created_at", "response_text") VALUES (362, 13, 39, NULL, '2025-11-12T04:02:17.775Z', 'zxc');
INSERT INTO "responses" ("id", "user_id", "question_id", "response_option_id", "created_at", "response_text") VALUES (363, 14, 1, 2, '2025-11-12T04:20:21.672Z', NULL);
INSERT INTO "responses" ("id", "user_id", "question_id", "response_option_id", "created_at", "response_text") VALUES (364, 14, 2, 3, '2025-11-12T04:20:21.672Z', NULL);
INSERT INTO "responses" ("id", "user_id", "question_id", "response_option_id", "created_at", "response_text") VALUES (365, 14, 3, 2, '2025-11-12T04:20:21.672Z', NULL);
INSERT INTO "responses" ("id", "user_id", "question_id", "response_option_id", "created_at", "response_text") VALUES (366, 14, 4, 3, '2025-11-12T04:20:21.672Z', NULL);
INSERT INTO "responses" ("id", "user_id", "question_id", "response_option_id", "created_at", "response_text") VALUES (367, 14, 5, 3, '2025-11-12T04:20:21.672Z', NULL);
INSERT INTO "responses" ("id", "user_id", "question_id", "response_option_id", "created_at", "response_text") VALUES (368, 14, 6, 3, '2025-11-12T04:20:21.672Z', NULL);
INSERT INTO "responses" ("id", "user_id", "question_id", "response_option_id", "created_at", "response_text") VALUES (369, 14, 7, 3, '2025-11-12T04:20:21.672Z', NULL);
INSERT INTO "responses" ("id", "user_id", "question_id", "response_option_id", "created_at", "response_text") VALUES (370, 14, 8, 3, '2025-11-12T04:20:21.672Z', NULL);
INSERT INTO "responses" ("id", "user_id", "question_id", "response_option_id", "created_at", "response_text") VALUES (371, 14, 9, 3, '2025-11-12T04:20:21.672Z', NULL);
INSERT INTO "responses" ("id", "user_id", "question_id", "response_option_id", "created_at", "response_text") VALUES (372, 14, 10, 3, '2025-11-12T04:20:21.672Z', NULL);
INSERT INTO "responses" ("id", "user_id", "question_id", "response_option_id", "created_at", "response_text") VALUES (373, 14, 11, 2, '2025-11-12T04:20:21.672Z', NULL);
INSERT INTO "responses" ("id", "user_id", "question_id", "response_option_id", "created_at", "response_text") VALUES (374, 14, 12, 3, '2025-11-12T04:20:21.672Z', NULL);
INSERT INTO "responses" ("id", "user_id", "question_id", "response_option_id", "created_at", "response_text") VALUES (375, 14, 13, 3, '2025-11-12T04:20:21.672Z', NULL);
INSERT INTO "responses" ("id", "user_id", "question_id", "response_option_id", "created_at", "response_text") VALUES (376, 14, 14, 3, '2025-11-12T04:20:21.672Z', NULL);
INSERT INTO "responses" ("id", "user_id", "question_id", "response_option_id", "created_at", "response_text") VALUES (377, 14, 15, 3, '2025-11-12T04:20:21.672Z', NULL);
INSERT INTO "responses" ("id", "user_id", "question_id", "response_option_id", "created_at", "response_text") VALUES (378, 14, 16, 3, '2025-11-12T04:20:21.672Z', NULL);
INSERT INTO "responses" ("id", "user_id", "question_id", "response_option_id", "created_at", "response_text") VALUES (379, 14, 17, 3, '2025-11-12T04:20:21.672Z', NULL);
INSERT INTO "responses" ("id", "user_id", "question_id", "response_option_id", "created_at", "response_text") VALUES (380, 14, 18, 3, '2025-11-12T04:20:21.672Z', NULL);
INSERT INTO "responses" ("id", "user_id", "question_id", "response_option_id", "created_at", "response_text") VALUES (381, 14, 19, 3, '2025-11-12T04:20:21.672Z', NULL);
INSERT INTO "responses" ("id", "user_id", "question_id", "response_option_id", "created_at", "response_text") VALUES (382, 14, 20, 2, '2025-11-12T04:20:21.672Z', NULL);
INSERT INTO "responses" ("id", "user_id", "question_id", "response_option_id", "created_at", "response_text") VALUES (383, 14, 21, 3, '2025-11-12T04:20:21.672Z', NULL);
INSERT INTO "responses" ("id", "user_id", "question_id", "response_option_id", "created_at", "response_text") VALUES (384, 14, 22, 3, '2025-11-12T04:20:21.672Z', NULL);
INSERT INTO "responses" ("id", "user_id", "question_id", "response_option_id", "created_at", "response_text") VALUES (385, 14, 23, 3, '2025-11-12T04:20:21.672Z', NULL);
INSERT INTO "responses" ("id", "user_id", "question_id", "response_option_id", "created_at", "response_text") VALUES (386, 14, 24, 3, '2025-11-12T04:20:21.672Z', NULL);
INSERT INTO "responses" ("id", "user_id", "question_id", "response_option_id", "created_at", "response_text") VALUES (387, 14, 25, 2, '2025-11-12T04:20:21.672Z', NULL);
INSERT INTO "responses" ("id", "user_id", "question_id", "response_option_id", "created_at", "response_text") VALUES (388, 14, 26, 3, '2025-11-12T04:20:21.672Z', NULL);
INSERT INTO "responses" ("id", "user_id", "question_id", "response_option_id", "created_at", "response_text") VALUES (389, 14, 27, 3, '2025-11-12T04:20:21.672Z', NULL);
INSERT INTO "responses" ("id", "user_id", "question_id", "response_option_id", "created_at", "response_text") VALUES (390, 14, 28, 3, '2025-11-12T04:20:21.672Z', NULL);
INSERT INTO "responses" ("id", "user_id", "question_id", "response_option_id", "created_at", "response_text") VALUES (391, 14, 29, 3, '2025-11-12T04:20:21.672Z', NULL);
INSERT INTO "responses" ("id", "user_id", "question_id", "response_option_id", "created_at", "response_text") VALUES (392, 14, 30, 3, '2025-11-12T04:20:21.672Z', NULL);
INSERT INTO "responses" ("id", "user_id", "question_id", "response_option_id", "created_at", "response_text") VALUES (393, 14, 31, 3, '2025-11-12T04:20:21.672Z', NULL);
INSERT INTO "responses" ("id", "user_id", "question_id", "response_option_id", "created_at", "response_text") VALUES (394, 14, 32, 3, '2025-11-12T04:20:21.672Z', NULL);
INSERT INTO "responses" ("id", "user_id", "question_id", "response_option_id", "created_at", "response_text") VALUES (395, 14, 33, 3, '2025-11-12T04:20:21.672Z', NULL);
INSERT INTO "responses" ("id", "user_id", "question_id", "response_option_id", "created_at", "response_text") VALUES (396, 14, 34, 3, '2025-11-12T04:20:21.672Z', NULL);
INSERT INTO "responses" ("id", "user_id", "question_id", "response_option_id", "created_at", "response_text") VALUES (397, 14, 35, 3, '2025-11-12T04:20:21.672Z', NULL);
INSERT INTO "responses" ("id", "user_id", "question_id", "response_option_id", "created_at", "response_text") VALUES (398, 14, 36, NULL, '2025-11-12T04:20:21.672Z', 'zxczx ');
INSERT INTO "responses" ("id", "user_id", "question_id", "response_option_id", "created_at", "response_text") VALUES (399, 14, 37, NULL, '2025-11-12T04:20:21.672Z', 'z czc zcdsa  ');
INSERT INTO "responses" ("id", "user_id", "question_id", "response_option_id", "created_at", "response_text") VALUES (400, 14, 38, NULL, '2025-11-12T04:20:21.672Z', 'fdf sd');
INSERT INTO "responses" ("id", "user_id", "question_id", "response_option_id", "created_at", "response_text") VALUES (401, 14, 39, NULL, '2025-11-12T04:20:21.672Z', 'fsd ');
INSERT INTO "responses" ("id", "user_id", "question_id", "response_option_id", "created_at", "response_text") VALUES (402, 15, 1, 1, '2025-11-14T06:29:44.254Z', NULL);
INSERT INTO "responses" ("id", "user_id", "question_id", "response_option_id", "created_at", "response_text") VALUES (403, 15, 2, 1, '2025-11-14T06:29:44.254Z', NULL);
INSERT INTO "responses" ("id", "user_id", "question_id", "response_option_id", "created_at", "response_text") VALUES (404, 15, 3, 1, '2025-11-14T06:29:44.254Z', NULL);
INSERT INTO "responses" ("id", "user_id", "question_id", "response_option_id", "created_at", "response_text") VALUES (405, 15, 4, 1, '2025-11-14T06:29:44.254Z', NULL);
INSERT INTO "responses" ("id", "user_id", "question_id", "response_option_id", "created_at", "response_text") VALUES (406, 15, 5, 1, '2025-11-14T06:29:44.254Z', NULL);
INSERT INTO "responses" ("id", "user_id", "question_id", "response_option_id", "created_at", "response_text") VALUES (407, 15, 6, 1, '2025-11-14T06:29:44.254Z', NULL);
INSERT INTO "responses" ("id", "user_id", "question_id", "response_option_id", "created_at", "response_text") VALUES (408, 15, 7, 1, '2025-11-14T06:29:44.254Z', NULL);
INSERT INTO "responses" ("id", "user_id", "question_id", "response_option_id", "created_at", "response_text") VALUES (409, 15, 8, 1, '2025-11-14T06:29:44.254Z', NULL);
INSERT INTO "responses" ("id", "user_id", "question_id", "response_option_id", "created_at", "response_text") VALUES (410, 15, 9, 1, '2025-11-14T06:29:44.254Z', NULL);
INSERT INTO "responses" ("id", "user_id", "question_id", "response_option_id", "created_at", "response_text") VALUES (411, 15, 10, 1, '2025-11-14T06:29:44.254Z', NULL);
INSERT INTO "responses" ("id", "user_id", "question_id", "response_option_id", "created_at", "response_text") VALUES (412, 15, 11, 1, '2025-11-14T06:29:44.254Z', NULL);
INSERT INTO "responses" ("id", "user_id", "question_id", "response_option_id", "created_at", "response_text") VALUES (413, 15, 12, 1, '2025-11-14T06:29:44.254Z', NULL);
INSERT INTO "responses" ("id", "user_id", "question_id", "response_option_id", "created_at", "response_text") VALUES (414, 15, 13, 1, '2025-11-14T06:29:44.254Z', NULL);
INSERT INTO "responses" ("id", "user_id", "question_id", "response_option_id", "created_at", "response_text") VALUES (415, 15, 14, 1, '2025-11-14T06:29:44.254Z', NULL);
INSERT INTO "responses" ("id", "user_id", "question_id", "response_option_id", "created_at", "response_text") VALUES (416, 15, 15, 1, '2025-11-14T06:29:44.254Z', NULL);
INSERT INTO "responses" ("id", "user_id", "question_id", "response_option_id", "created_at", "response_text") VALUES (417, 15, 16, 1, '2025-11-14T06:29:44.254Z', NULL);
INSERT INTO "responses" ("id", "user_id", "question_id", "response_option_id", "created_at", "response_text") VALUES (418, 15, 17, 1, '2025-11-14T06:29:44.254Z', NULL);
INSERT INTO "responses" ("id", "user_id", "question_id", "response_option_id", "created_at", "response_text") VALUES (419, 15, 18, 1, '2025-11-14T06:29:44.254Z', NULL);
INSERT INTO "responses" ("id", "user_id", "question_id", "response_option_id", "created_at", "response_text") VALUES (420, 15, 19, 1, '2025-11-14T06:29:44.254Z', NULL);
INSERT INTO "responses" ("id", "user_id", "question_id", "response_option_id", "created_at", "response_text") VALUES (421, 15, 20, 1, '2025-11-14T06:29:44.254Z', NULL);
INSERT INTO "responses" ("id", "user_id", "question_id", "response_option_id", "created_at", "response_text") VALUES (422, 15, 21, 1, '2025-11-14T06:29:44.254Z', NULL);
INSERT INTO "responses" ("id", "user_id", "question_id", "response_option_id", "created_at", "response_text") VALUES (423, 15, 22, 2, '2025-11-14T06:29:44.254Z', NULL);
INSERT INTO "responses" ("id", "user_id", "question_id", "response_option_id", "created_at", "response_text") VALUES (424, 15, 23, 2, '2025-11-14T06:29:44.254Z', NULL);
INSERT INTO "responses" ("id", "user_id", "question_id", "response_option_id", "created_at", "response_text") VALUES (425, 15, 24, 2, '2025-11-14T06:29:44.254Z', NULL);
INSERT INTO "responses" ("id", "user_id", "question_id", "response_option_id", "created_at", "response_text") VALUES (426, 15, 25, 2, '2025-11-14T06:29:44.254Z', NULL);
INSERT INTO "responses" ("id", "user_id", "question_id", "response_option_id", "created_at", "response_text") VALUES (427, 15, 26, 2, '2025-11-14T06:29:44.254Z', NULL);
INSERT INTO "responses" ("id", "user_id", "question_id", "response_option_id", "created_at", "response_text") VALUES (428, 15, 27, 2, '2025-11-14T06:29:44.254Z', NULL);
INSERT INTO "responses" ("id", "user_id", "question_id", "response_option_id", "created_at", "response_text") VALUES (429, 15, 28, 2, '2025-11-14T06:29:44.254Z', NULL);
INSERT INTO "responses" ("id", "user_id", "question_id", "response_option_id", "created_at", "response_text") VALUES (430, 15, 29, 2, '2025-11-14T06:29:44.254Z', NULL);
INSERT INTO "responses" ("id", "user_id", "question_id", "response_option_id", "created_at", "response_text") VALUES (431, 15, 30, 3, '2025-11-14T06:29:44.254Z', NULL);
INSERT INTO "responses" ("id", "user_id", "question_id", "response_option_id", "created_at", "response_text") VALUES (432, 15, 31, 3, '2025-11-14T06:29:44.254Z', NULL);
INSERT INTO "responses" ("id", "user_id", "question_id", "response_option_id", "created_at", "response_text") VALUES (433, 15, 32, 2, '2025-11-14T06:29:44.254Z', NULL);
INSERT INTO "responses" ("id", "user_id", "question_id", "response_option_id", "created_at", "response_text") VALUES (434, 15, 33, 2, '2025-11-14T06:29:44.254Z', NULL);
INSERT INTO "responses" ("id", "user_id", "question_id", "response_option_id", "created_at", "response_text") VALUES (435, 15, 34, 2, '2025-11-14T06:29:44.254Z', NULL);
INSERT INTO "responses" ("id", "user_id", "question_id", "response_option_id", "created_at", "response_text") VALUES (436, 15, 35, 2, '2025-11-14T06:29:44.254Z', NULL);
INSERT INTO "responses" ("id", "user_id", "question_id", "response_option_id", "created_at", "response_text") VALUES (437, 15, 36, NULL, '2025-11-14T06:29:44.254Z', ' vv');
INSERT INTO "responses" ("id", "user_id", "question_id", "response_option_id", "created_at", "response_text") VALUES (438, 15, 37, NULL, '2025-11-14T06:29:44.254Z', 'vnn');
INSERT INTO "responses" ("id", "user_id", "question_id", "response_option_id", "created_at", "response_text") VALUES (439, 15, 38, NULL, '2025-11-14T06:29:44.254Z', 'gg');
INSERT INTO "responses" ("id", "user_id", "question_id", "response_option_id", "created_at", "response_text") VALUES (440, 15, 39, NULL, '2025-11-14T06:29:44.254Z', 'gd');
